"Post ID","Author","Wine / Article","Publication Date","Review Text","Score","Date Tasted","Alcohol","Price","Closure","Drink From","Drink By","Drinking Window","Categories","Category URLs","Winery Website","Review URL","Comments","Image URLs","Original Metadata","Archive Page","Archive URL"
"155906","Kasia Sobiesiak","J&S Fielke Blanc de Blancs 2024","09 October 2026","This is an impressive sparkling, under the BdB banner, but it feels like it delivers much more weight if one had in mind some BdB styles out there to compare that command more of a light/chalky/citrus frame. This wine has a ripe bouquet, verging on some light tropical notes. There’s lemon curd, yellow apple, mango swirl, peanut brittle. But also a refreshing lift of brine and preserved lemon. Then, a hit of sweetness in the middle with a pithy, chewy finish of a lime sorbet. It has fine mousse, silky texture and no shortage of flavour. It’s quite intense, both on the nose and on the palate and thus admirable in that sense. I was a bit overwhelmed at first, but rewarding the bold style and intensity here. If you know J&S Fielke still Chardonnays, you will recognise the style under the bubbles. Definitely one to try.","94 Points","Sep26","13%","$50","Diam","2026","2030","2026  - 2030","Adelaide Hills | chardonnay | Sparkling","https://www.winefront.com.au/category/regions/australia/south-australia/adelaide-hills/ | https://www.winefront.com.au/category/grapes/chardonnay/ | https://www.winefront.com.au/category/grapes/sparkling/","http://www.jandsfielke.com/","https://www.winefront.com.au/js-fielke-blanc-de-blancs-2024/","0 Comments","https://www.winefront.com.au/wp-content/uploads/2026/10/Screenshot-2026-10-09-at-4.07.21-pm-104x300.png","Rated : 94 Points
Tasted : Sep26
Alcohol : 13%
Price : $50
Closure : Diam
Drink : 2026  - 2030","1","https://www.winefront.com.au/author/kasia/"
"155903","Kasia Sobiesiak","Marchand & Burch Village Pinot Noir 2025","09 October 2026","Woody spice, glossy cherry, almond/cherry pip aftertaste, that sweet-bitter note, some tangy pomegranate note too. A bit of grippy tannins, drying, dry chalk type. The perfume continues with cherry blossom, a hint of violet, wet concrete, a bloody/meaty element. It’s a medium-bodied wine, with quite a chewy texture and spice, but still pretty elegant, with sweet fruit and a savoury finish. Well made and structured.","93 Points","Sep26","13.5%","$50","Screwcap","2026","2031","2026  - 2031","Great Southern | Mount Barker | pinot noir","https://www.winefront.com.au/category/regions/australia/western-australia/great-southern/ | https://www.winefront.com.au/category/regions/australia/western-australia/mount-barker-western-australia/ | https://www.winefront.com.au/category/grapes/pinot-noir/","http://burchfamilywines.com.au/prod-brand/marchand-burch/","https://www.winefront.com.au/marchand-burch-village-pinot-noir-2025/","0 Comments","https://www.winefront.com.au/wp-content/uploads/2026/10/Screenshot-2026-10-09-at-3.14.59-pm-149x300.png","Rated : 93 Points
Tasted : Sep26
Alcohol : 13.5%
Price : $50
Closure : Screwcap
Drink : 2026  - 2031","1","https://www.winefront.com.au/author/kasia/"
"155136","Kasia Sobiesiak","Handpicked Trial Batch Chardonnay 2024","07 September 2026","Elevated tones of sweet blossoms, fresh wood and spice, vanilla slice, aniseed, and crushed cumin, with plenty of crunchy green fruit and citrus as a base. Searingly high acidity curls up the tongue. Texture is smooth but chalky and cool in nature. The traces of spices linger in the aftertaste with salt and citrusy bitterness. It feels very fresh and in need of more time.","92+ Points","Aug26","12.4%","$63","Screwcap","2028","2034","2028  - 2034","chardonnay | Tasmania","https://www.winefront.com.au/category/grapes/chardonnay/ | https://www.winefront.com.au/category/regions/australia/tasmania/","http://www.handpickedwines.com.au/","https://www.winefront.com.au/handpicked-trial-batch-chardonnay-2024/","0 Comments","https://www.winefront.com.au/wp-content/uploads/2026/09/Screenshot-2026-09-07-at-5.17.21-pm-134x300.png","Rated : 92+ Points
Tasted : Aug26
Alcohol : 12.4%
Price : $63
Closure : Screwcap
Drink : 2028  - 2034","1","https://www.winefront.com.au/author/kasia/"
"155134","Kasia Sobiesiak","Marchand & Burch Villages Rose 2026","07 September 2026","This is an elegant and reliable rosé. If you’re looking for something delicate but flavourful, fruity-savoury in nature, strawberry and lemon sorbet, peach iced tea, red apple and mint, pink grapefruit—you got it. Many pretty details here, along with rose and cherry blossom perfume. Refreshing and juicy, with a balancing bitter-ish finish. Satisfying, for sure.","92 Points","Sep26","12.5%","$28","Screwcap","2026","2028","2026  - 2028","Great Southern | Rose","https://www.winefront.com.au/category/regions/australia/western-australia/great-southern/ | https://www.winefront.com.au/category/grapes/rose/","http://www.burchfamilywines.com.au/","https://www.winefront.com.au/marchand-burch-villages-rose-2026/","0 Comments","https://www.winefront.com.au/wp-content/uploads/2026/09/Screenshot-2026-01-04-at-10.23.30-pm-165x300.png","Rated : 92 Points
Tasted : Sep26
Alcohol : 12.5%
Price : $28
Closure : Screwcap
Drink : 2026  - 2028","1","https://www.winefront.com.au/author/kasia/"
"155132","Kasia Sobiesiak","Mon Tout Heydays Chardonnay 2025","07 September 2026","The whole range of Mon Tout serves very approachable wines with immediate appeal, honest, clean and good value. This is no different. Citrus crunch, apples, flint, zing and good vibes with cashews and limes.","92 Points","Aug26","12.5%","$33","Screwcap","2026","2031","2026  - 2031","chardonnay | Pemberton","https://www.winefront.com.au/category/grapes/chardonnay/ | https://www.winefront.com.au/category/regions/australia/western-australia/pemberton/","http://www.montout.com.au/","https://www.winefront.com.au/mon-tout-heydays-chardonnay-2025/","0 Comments","https://www.winefront.com.au/wp-content/uploads/2026/09/Screenshot-2026-09-07-at-4.14.20-pm-116x300.png","Rated : 92 Points
Tasted : Aug26
Alcohol : 12.5%
Price : $33
Closure : Screwcap
Drink : 2026  - 2031","1","https://www.winefront.com.au/author/kasia/"
"155128","Kasia Sobiesiak","Kyneton Ridge Riesling 2025","07 September 2026","Barrel fermented and rested in mature French oak for six months.

It starts off on the ripe foot (!). Lemon with honey drizzle, yellow apple, yellow plum, brown lime and a tiny bit of tropical fruit skins tossed with cashews. Add honeysuckle and a touch of beeswax. The texture is slate-y, pithy, a bit ginger-spicy, with a ripe lemon acidity and overall pleasant juiciness and light nuttiness. It has an interesting edge.","92 Points","Sep26","12%","$35","Screwcap","2026","2031","2026  - 2031","Macedon Ranges | riesling","https://www.winefront.com.au/category/regions/australia/victoria/macedon/macedon-ranges/ | https://www.winefront.com.au/category/grapes/riesling/","http://kynetonridge.com.au/","https://www.winefront.com.au/kyneton-ridge-riesling-2025/","3 Comments","https://www.winefront.com.au/wp-content/uploads/2026/09/Screenshot-2026-09-07-at-3.52.17-pm-151x300.png","Rated : 92 Points
Tasted : Sep26
Alcohol : 12%
Price : $35
Closure : Screwcap
Drink : 2026  - 2031","1","https://www.winefront.com.au/author/kasia/"
"155124","Kasia Sobiesiak","Harewood Estate Frankland River Riesling 2025","07 September 2026","What a beautiful perfume. Citrus skin and blossom, peach, nashi pear, jasmine, powdery element, dusty hay, lemongrass. Very fresh, very spring-like. Lithe in the mouth, gliding smoothly, a long thread of mouthwatering acidity, citrus, a bit of slippery peach flesh, sour apple and sweet cucumber on a chalky finish. Effortless refreshment.","93 Points","Sep26","12%","$35","Screwcap","2026","2031+","2026  - 2031+","Frankland River | riesling","https://www.winefront.com.au/category/regions/australia/western-australia/frankland-river-western-australia/ | https://www.winefront.com.au/category/grapes/riesling/","http://harewood.com.au/","https://www.winefront.com.au/harewood-estate-frankland-river-riesling-2025/","0 Comments","https://www.winefront.com.au/wp-content/uploads/2026/09/Screenshot-2026-09-07-at-3.01.51-pm-107x300.png","Rated : 93 Points
Tasted : Sep26
Alcohol : 12%
Price : $35
Closure : Screwcap
Drink : 2026  - 2031+","1","https://www.winefront.com.au/author/kasia/"
"155036","Kasia Sobiesiak","KT + Peglidis: Celebrating 20 Years – The Peglidis Vineyard Watervale Riesling Collection 2007-2026","02 September 2026","This tasting was a deep dive into a great story of a vineyard farmed by passionate humans, Bunny and Ivonne Peglidis, since 1970. They are now 93 and 85 years old and not even thinking of putting down the secateurs. Since 2006, Kerri Thompson has been creating compelling wines from these now 56-year-old Riesling vines. Gary and I tasted the wines and their evolution over 20 years.

More preamble, ie a couple of remarks. No matter how you look at it, the wines across the board showed great quality. I have given plenty of 93-95s. Felt a bit boring, but this mirrored, for me, the overall great consistency in quality coming from this vineyard and the winery. Yes, there are better and worse vintages, but no crazy dramatic dips or misses; rather, a diversity, a vintage variation reflected in the wine’s profile. All are individual wines telling different stories, but with a common thread of complexity and texture.

Preamble 2: It’s great to taste a line-up like this. Normal thing to taste at pace at an event; first quick impressions are good, but I can imagine looking at these wines with time in the glass and over a few days, again and again, and those scores would potentially shift by 1-2 up or down, but that’s really the spread.

[Vintage notes from KT]
[All wines marked as 12%, only 2007 marked as 12,5%]

2007 12,5%
Mid-January rainfall provided relief from a warm, dry season, producing concentrated fruit & generous flavour.

KS: Deep golden colour. Lemon slice and a milk lolly quality. Development in full swing, but the acidity, albeit soft, feels very fresh. Beeswax, honey cake, even a note of cold brew coffee, herbs and more wax, preserved lemon in brine. Moving into smoky, peaty-almost notes. The apogee of what you’d like to taste in an aged Riesling; maybe it’s an indulgence just for a glass but a sensory treat. 94 points, drink now
GW: Rich, honey, Bickfords lime, toast, mint, even some spice. It’s a richer style showing plenty of development but it still has a fresh line of juicy acidity through it and finishes well.  A bit of lime marmalade too. Lovely wine. Still has some cellaring potential but likely at peak now. 94 points

2008
Defined by early, compressed ripening and a dramatic late-season heatwave.

KS: Some development here, but lots of freshness too. Wet slate, a vegetal, earthy edge, very savoury profile, led by citrus, maybe a hint of green papaya skin and orange pith. Super zingy, slate-y acidity to close. A curious disparity between this and 2007, only a year difference, but more lush development in 2007. Both tasty. 93 points
GW: Quite a tangy expression, a bit jangly, some hay-like character through lemon drops and lime. Sort of nutty with a citrus zest finish of good length. A little bit chalky in texture. Not quite the length but interesting and no hurry. 91 points

2009
Cooler conditions delivered elegance, tension and natural acidity.

KS: Flint and sweet citrus, oregano, dusty hay, wild peach. Lemon blossom, chalky palate that grips upfront. Crunchy green apple and jasmine, delicate and pure but impactful. Impressive and so fresh still. 95+ points
GW: Juicy but has tight acidity, lemon lime, a bit richer sort of a halfway house between 2007 and 2008. It’s a little spicy and dusty. A sherbet tang and a bit of grip on a finish of excellent length. Impressive. Has a bit of a burst to it. 95 points

2010
Generally even ripening conditions created wines of balance, freshness and longevity.

KS: Waxy citrus skins, crushed slate, mango skin, almond blossom, then smoked almond perhaps and candle wax. Acidity is cool and calm, but a bit broader than 2009, with a pink grapefruit finish. Just feels a little hollow in the middle, but it’s a good wine. 93 points
GW: Sits a little flatter and rounder in the palate, a light chalky feel, old orange flavours, some lime, with a nutty finish of solid length. Good drink. Very ready. 91-92 points

2011
One of the coolest and wettest vintages on record, with only one in three bunches ultimately picked.

KS: Sweet tones, with a ripe durian edge, and a vegetal sweetness, grapefruit and cucumber. It opens up with air into lemon lolly, frangipani perfume, and feels a touch musky. It has a deep flavour midway, just a bit less tension in that line than in some previous wines. 94 points
GW: A more apricot and cumquat character here, kind of exotic but I like the Germanic feel and some hessian complexity, and it drinks really well, but the point of difference is a really good thing. Like it. Tasty. 93ish points

2012
Benchmark Clare Valley mild conditions produced wines of purity and expression.

KS: Milk lolly creamy quality, lemon curd, creamed honey. Palate is broad in a way but spread evenly, with plenty of flavour, mostly light and flinty-salty on the palate. A bit warmer in the aftertaste, but it has something interesting going on, lightness but impact too. 94 points
GW: Ansieed riding very high, caraway, ripe lime with an exotic touch. Its very juicy and flavoursome, covers the mouth with flavour but in a gentle way, finishes limey and long. A superb wine,. Pleasure zone now nut no hurry. 95 -96 points

2013
Warm conditions delivered flavour intensity and early appeal.

KS: Green orange, smoked lemon, sage, fleshy citrus, pithy, a bit nervy flow, energetic. Some more papaya at play, with a salty finish. Brisk wine. 93 points
GW: Cut fennel, fresh mango, lime, a floral note. It has quite a bit of chalky powdery grip, a core of cool acidity, and impeccable length. This is so delicious with texture a bit of a highlight. A zesty tang on exit. Great. Love this. 95 points

2014
Warm, dry conditions followed by relieving mid-February rains and cool nights made for excellent fruit concentration.

KS: Rather quiet, restrained start, mostly citrus-led, developing into blossoms, gentle flow, lemon flower, almonds, savoury flinty nuance, lime sorbet vibes, with a very smooth, silky palate. Pretty wine. 94 points
GW: A slight petrol note, not a thing but the first time noted in the wine. A bit of hessian, fresh pineapple and lime, a light grip, with a rounder more waxy finish. 91-92 points

2015
Dry conditions produced wines of depth and structure.

KS: A bit musky perfume, sugar almond, parsley root, cool flow of flavour. Green fennel, pickle brine, salty and sweet-sour in a good way, à la green mango. No huge tension here, relaxed in style. 94 points
GW: Fennel, a little tropical, ripe lime, floral. It’s fresh, has some grip, a fleshy feel, almost a glycerol touch, with a spicy finish of good length. Very nice. 94 points

2016
Balanced growing conditions delivered exceptional varietal expression and purity.

KS: Apples, peaches and hot rocks, flint, lift and tension on the nose, very linear, bolt of lightning acidity, very pure citrus, slice of lemon on tongue, bitter lime finish. Very much wet slate texture. Pure and racy. 95 points
GW: Caraway, spice, lime, some floral things. It’s dry, a bit tangy, with a quite tight acidity, lime pith on a finish of good length. More to come. 93-94+ points

2017
Cool conditions favoured finesse, tension and longevity.

KS: Fresh start, green mango, lemon curd, golden kiwi, crushed slate. Raw nuts and herbs, smoky element. Very vivid and crunchy, slippery and youthful for its age. Pure and lifted. Has a lot of potential energy. 95+ points
GW: A bit of perfume here, lemon barley, lemon zest, leaf and mint, a little spice, a smoky touch. Lighter style, almost peppery, citrus, a kiss of sweetness rounds out a charming and different vintage for this wine. 94 points

2018
Warm, dry, low-yielding season delivered width, generosity and early appeal.

KS: It feels heavier than 2018, richer; mango, orange, hint of apricot stone, herbed honey, acidity is ripe but has a salty finish for a good balance, just a bit shallow here and there but it’s still a good wine. 92 points
GW: A more tangy lime zest and lemon affair, peanut butter, white flower. Acidity is a bit bitey but it does have intensity, and a lemon biscuit finish of good length. 92 points

2019
Dry conditions and smaller crops produced intense fruit concentration.

KS: Very concentrated from sniff to sip. Honey cake, lemon tart, apple tart, add a baked lemon. Seems very ripe/baked, but it’s of a style, and the palate has a huge concentration of acidity and comes with a big swoosh. There’s so much mid-palate weight here. Stony texture with wet chalk finish. This reminds me of a Germanic late harvest European style. Even though it’s delicious, it may feel at its capacity of development, so perhaps drink now/soon. 96 points
GW: This has the fruit volume turned up. Green mango, lime, spice, lime leaf. It’s intense and tight in the mouth, a chalky grip, almost a lime pickle intensity on a finish of excellent length. Very good. Could do with a bit more time as some rugged character to it, but good makings. Very good. 95 points

2020
Difficult season marked by drought conditions and exceptionally small crops.

KS: Quite concentrated at first, mirabelle plum, golden mango, softer and sweeter than 2019, also broader, and a bit loose and with a bitter lime in the back end. A tad clunky (tough gig when measured against its vintage peers). 92 points
GW: A fleshy wine, sits a bit flat, ripe lime, a light grip to texture, a rounder style with less energy than some but it’s still a nice drink. 89-90 points

2021
Near-perfect growing conditions produced wines of elegance, detail and remarkable balance.

KS: Smoked fruit, water on hot rocks, slate and salt, jasmine and lemongrass. Beautiful fabric of acidity, tight but so smooth, flowing with ease. Firm peach, peach blossom, green apple, and that note petrichor tone – the wet slate thing following through. Eyewatering acidity will allow it to age. 95+ points
GW: Perfumed, lemon/lime, a bit stony. It’s tight, very chalky, lots of lemon like, a good bite to it, with very good length. Good energy. Excellent. 95 points

2022
Cool, dry weather through summer and into autumn provided favourable ripening conditions, producing fruit with good natural acid levels and varietal flavour.

KS: Green mango skin, lemon lolly, lime cake and a flinty tension. Great acidity, very high, tickled my nose, watered my mouth. Nervy tension with salt. Good one. 94+ points
GW: Quite perfumed, vanilla bean and white flowers, white peach and lime, Japanese ginger. A more juicy experience, a lightness to it, and spice, with a light chalky grip and a grin and tonic finish of good length. Nice. 94 points

2023
Cool conditions encouraged purity and aromatic lift.

KS: Something nutty, musky up first, dusty/compact powder note, a bit of ripe tropical skin like durian; then more sweet citrus, mandarin, pomelo, sweet and briny-pickly flavours. The texture is pithy and phenolic, with bitter-sweet citrus peaking up in the finish. Peculiar but good. 95 points
GW: Green banana, lemon barley, lime, dried herb and lime leaf. It’s grainy, has a grapefruit tang to acidity, a good burst of flavour with a limey finish of very good length, again some quinine bite. Like it. 94 points

2024
Balanced season produced wines of brightness and energy.

KS: Love the perfume, fennel in brine, quite herbal wine, with raw almond and pear; it’s a bit closed at first, but gives a really beautiful pure fruity flow. The finish is pleasantly bitter and with salt over lemon. It has an X factor; can’t name it, that’s what the X factor is… 95+ points
GW: A softer and finer style, lemon and lime, a powdery feel to texture, some lime juiciness, with a zesty finish of good length. Very nice. In evolution, of course. 94+ points

2025
Dry conditions delivered smaller crops with flavour concentration and drive.

KS: Bright yellow in the glass. It smells like lemons, lemon sorbet, yellow apples, peach. It’s a very pretty wine, plenty of concentration. Stony texture, salty, and a bit chewy. 95+ points
GW: Lime, lemon, stony, a bit of of a mint and leaf perfume. It’s tangy, some tonic water, a chalky thing, quite some energy, a zesty and slightly rugged finish, but a wine of excellent character and intensity. 94+ points

2026
A complex season with significantly diverse weather patterns. A cool Spring then warm, dry Summer, followed by late season harvest rain.

KS: Very fresh and estery and yeasty, a bit lychee and kiwi and grape juice, with ginger spice. Super fresh aromatics, mint and blossoms. It’s a bit hard to see now, steaming cake straight from the oven; let it cool, give it time. Has the bones. 94+ points
GW: Highly perfumed, green ginger, fresh lime and lemon. It’s fresh, on the cusp of ripeness, but has a certain sort of energy, with a light herbal tang, a salted lime finish of good length. I like it. 94+ points.","96 Points","Aug26","12%","$45","Screwcap","2026","2036+","2026  - 2036+","Articles | Clare Valley | Double Take | riesling","https://www.winefront.com.au/category/articles/ | https://www.winefront.com.au/category/regions/australia/south-australia/clare-valley/ | https://www.winefront.com.au/category/double-take/ | https://www.winefront.com.au/category/grapes/riesling/","http://winesbykt.com/","https://www.winefront.com.au/kt-peglidis-celebrating-20-years-the-peglidis-vineyard-watervale-riesling-collection-2007-2026-aug26/","7 Comments","https://www.winefront.com.au/wp-content/uploads/2026/09/KT-Peglidis-Riesling-300x225.jpg","Rated : 96 Points
Tasted : Aug26
Alcohol : 12%
Price : $45
Closure : Screwcap
Drink : 2026  - 2036+","1","https://www.winefront.com.au/author/kasia/"
"154984","Kasia Sobiesiak","J&S Fielke Piccadilly Valley Pinot Noir 2025","30 August 2026","Very inviting perfume. All high-toned, vibrant scents. Morello cherry, cranberry, a splash of pomegranate juice and red plum skin. Balancing the sweet-sour fruit are bitter herbs like sage and spices like cloves and cinnamon bark, with a note of hazelnut skin. There’s a wet forest note here, wet bark, that kind of humid-air-in-the-forest tension. Tannins are pumice stone-like, giving traction and texture until the bitter orange twist comes in the end. I like the character of this wine. It’s a perfumed and structured wine, but more importantly, it’s interesting and tasty, and with an amaro theme going on that tickles the senses the right way.","93 Points","Aug26","13%","$40","Diam","2026","2031","2026  - 2031","Adelaide Hills | pinot noir","https://www.winefront.com.au/category/regions/australia/south-australia/adelaide-hills/ | https://www.winefront.com.au/category/grapes/pinot-noir/","http://www.jandsfielke.com/","https://www.winefront.com.au/js-fielke-piccadilly-valley-pinot-noir-2025/","1 Comment","https://www.winefront.com.au/wp-content/uploads/2026/08/fielkspn-115x300.png","Rated : 93 Points
Tasted : Aug26
Alcohol : 13%
Price : $40
Closure : Diam
Drink : 2026  - 2031","1","https://www.winefront.com.au/author/kasia/"
"154967","Kasia Sobiesiak","J&S Fielke Onkaparinga Valley Fiano 2026","29 August 2026","Apparently there was a demijohn of Fiano once upon a time in 2022 and only 35L of it (all gone), and apparently best so far, and so I guess, we’ll never know whether it was better than this one. But I like what I see (taste) here, so I can take the winemaker’s word for it. Fruit from Deanery Vineyard, Onkaparinga Valley.

Very expressive wine; it’s a 4F: flavourful, fleshy and flashy Fiano with no shortage of layers and texture. Laced with flint and citrus oils that burst first, tarragon, sweet mint leaf and a crunchy, zingy greengage plum as a base. There are yellow apples, peach and pomelo in the mix here, too, really tickling the senses. This wine has great mid-palate weight, as it starts fruity-juicy and finishes on a tonic water and bitter lime sensation. Very seductive and moreish!","94 Points","Aug26","12.5%","$30","Diam","2027","2032","2027  - 2032","Adelaide Hills | other whites | Tip Top Tipple | Top Value","https://www.winefront.com.au/category/regions/australia/south-australia/adelaide-hills/ | https://www.winefront.com.au/category/grapes/other-whites/ | https://www.winefront.com.au/category/top-wines/tip-top-tipple/ | https://www.winefront.com.au/category/top-wines/top-value/","http://www.jandsfielke.com/","https://www.winefront.com.au/js-fielke-onkaparinga-valley-fiano-2026/","2 Comments","https://www.winefront.com.au/wp-content/uploads/2026/08/Screenshot-2026-08-29-at-4.29.10-pm-132x300.png","Rated : 94 Points
Tasted : Aug26
Alcohol : 12.5%
Price : $30
Closure : Diam
Drink : 2027  - 2032","1","https://www.winefront.com.au/author/kasia/"
"154679","Kasia Sobiesiak","Foreign Friends Black Springs Chardonnay 2025","24 August 2026","By popular demand and courtesy of some good people, this Chardonnay is back on my tasting bench. Thank you for sharing the sample. The pleasure is all mine.

There’s no denying the richness and concentration in this wine. And the length. In fact, this wine has a long finish as a starting point. It’s a loop, really. First sip, long finish, next sip. And on we go. Apples, peaches, cashews and toasted oats. This is a pretty solid base and the definition of this wine. Plenty of fruit, but with no tropical sunshine here, sweetness of ripeness—yes, but very much a savoury drive and a dry tail end. Then comes the sprinkle, the topping, the cherry on top—apple tart, custard powder, milk bottle lolly, cinnamon. Yes, all things we love and drool over. There’s a refreshing hint of mint and crushed fennel lingering too. It all comes together in grace and power. Great stuff.","96 Points","Aug26","13%","$75","Diam","2028","2035+","2028  - 2035+","Beechworth | chardonnay | Tip Top Tipple","https://www.winefront.com.au/category/regions/australia/victoria/beechworth/ | https://www.winefront.com.au/category/grapes/chardonnay/ | https://www.winefront.com.au/category/top-wines/tip-top-tipple/","http://foreignfriends.com.au/","https://www.winefront.com.au/foreign-friends-black-springs-chardonnay-2025/","6 Comments","https://www.winefront.com.au/wp-content/uploads/2026/08/Screenshot-2025-10-31-at-3.40.17-pm-177x300.png","Rated : 96 Points
Tasted : Aug26
Alcohol : 13%
Price : $75
Closure : Diam
Drink : 2028  - 2035+","1","https://www.winefront.com.au/author/kasia/"
"154675","Kasia Sobiesiak","J&S Fielke Piccadilly Valley Chardonnay 2025","19 August 2026","This is a new one for J&S Fielke, and it’s only fair to make a quick note on how it stacks up against the Lenswood Chardonnay 2025. They are made almost identically, but with different clones and, well, from a different site. As a result, very different wines. Lenswood is definitely richer than Piccadilly Valley. PV is more focused, pure, with less pizzazz. Also, the label image is the same, but the wax on top should be black here.

Things come in abundance in this wine but with certain grace and purity. Red apples, almonds, firm nectarines and oats. It has intensity and concentration but with a tight line of acidity, and a notion of coolness in the fruit profile. Beyond this, there’s a note of shortbread, a whiff of white chocolate and flint, with plenty of balancing bitter citrus. The texture is smooth, peach yoghurt-like, with a tingling ginger spice in the long finish. Elegant, lifted and fine. Another steal.","95 Points","Aug26","13%","$40","Diam","2027","2035","2027  - 2035","Adelaide Hills | chardonnay | Tip Top Tipple | Top Value","https://www.winefront.com.au/category/regions/australia/south-australia/adelaide-hills/ | https://www.winefront.com.au/category/grapes/chardonnay/ | https://www.winefront.com.au/category/top-wines/tip-top-tipple/ | https://www.winefront.com.au/category/top-wines/top-value/","http://www.jandsfielke.com/","https://www.winefront.com.au/js-fielke-piccadilly-valley-chardonnay-2025/","14 Comments","https://www.winefront.com.au/wp-content/uploads/2026/08/fielkschard-1-99x300.png","Rated : 95 Points
Tasted : Aug26
Alcohol : 13%
Price : $40
Closure : Diam
Drink : 2027  - 2035","1","https://www.winefront.com.au/author/kasia/"
"154673","Kasia Sobiesiak","J&S Fielke Lenswood Chardonnay 2025","19 August 2026","I love those moments when a wine makes scoring easy, i.e. I sniff, I sip, and it’s a no-brainer – boom, 95 points. Here’s one of those wines.

Very expressive start. Perfume leaping out of the glass; with bursts of citrus oils, flint stone, raw cashews, peach blossom, waxy citrus skins, crunchy apples, and a hint of mango swirl. It spills with plenty of flavour, long finish, detail and drive. Citrus and stone fruit set with elements of nutty pastry, almond biscuit perhaps and a dusting of spice, like cinnamon and ginger. This is concentrated and really impressive; it has verve and power, yet elegance and finesse. It’s a steal, too.","95 Points","Aug26","13%","$40","Diam","2026","2033","2026  - 2033","Adelaide Hills | chardonnay | Tip Top Tipple | Top Value","https://www.winefront.com.au/category/regions/australia/south-australia/adelaide-hills/ | https://www.winefront.com.au/category/grapes/chardonnay/ | https://www.winefront.com.au/category/top-wines/tip-top-tipple/ | https://www.winefront.com.au/category/top-wines/top-value/","http://www.jandsfielke.com/","https://www.winefront.com.au/js-fielke-lenswood-chardonnay-2025/","11 Comments","https://www.winefront.com.au/wp-content/uploads/2026/08/fielkschard-99x300.png","Rated : 95 Points
Tasted : Aug26
Alcohol : 13%
Price : $40
Closure : Diam
Drink : 2026  - 2033","1","https://www.winefront.com.au/author/kasia/"
"154619","Kasia Sobiesiak","Kerri Greens Pig Face Chardonnay 2025","15 August 2026","Not overly jumpy but dense aromas at first, a basket of autumnal orchard fruit, almonds, maybe a hint of marzipan and flint. It’s not a very perfumed wine, but what matters mostly here is the texture and flavour composition. There’s a haunting nut butter note here with sage leaf, ripe citrus and honeysuckle. Light cinnamon dusting on a baked apple with a salty, stony finish. You can feel the power of fruit in a savoury outline. This wine speaks of texture and ripeness very well.","94 Points","Aug26","12.5%","$42","Screwcap","2027","2035","2027  - 2035","chardonnay | Mornington Peninsula","https://www.winefront.com.au/category/grapes/chardonnay/ | https://www.winefront.com.au/category/regions/australia/victoria/mornington-peninsula/","http://kerrigreens.com/","https://www.winefront.com.au/kerri-greens-pig-face-chardonnay-2025/","0 Comments","https://www.winefront.com.au/wp-content/uploads/2026/08/Screenshot-2026-08-15-at-4.20.55-pm-156x300.png","Rated : 94 Points
Tasted : Aug26
Alcohol : 12.5%
Price : $42
Closure : Screwcap
Drink : 2027  - 2035","1","https://www.winefront.com.au/author/kasia/"
"154617","Kasia Sobiesiak","La Violetta Chagrin 2023","15 August 2026","No matter how you translate it – English, French – no chagrins here. Pure joy and delicious drinking.

This will trigger your appetite. Stone fruit, crunchy apples, aromatic pears with toasted cashews, bitter grapefruit skin and crystallised ginger tingle. It’s also a flinty wine. The light nutty toastiness follows as a rolled oats museli bar with fruit. Perfectly executed high levels of acidity set in texture and a cool, brisky flow of a lightly salty/dusty finish. There’s crunch here, wit and finesse that will leave you wanting more.","93 Points","Aug26","11.9%","$40","Screwcap","2027","2033","2027  - 2033","chardonnay | Western Australia","https://www.winefront.com.au/category/grapes/chardonnay/ | https://www.winefront.com.au/category/regions/australia/western-australia/","http://lavioletta.com.au/","https://www.winefront.com.au/la-violetta-chagrin-2023/","0 Comments","https://www.winefront.com.au/wp-content/uploads/2026/08/Screenshot-2026-08-15-at-4.06.11-pm-137x300.png","Rated : 93 Points
Tasted : Aug26
Alcohol : 11.9%
Price : $40
Closure : Screwcap
Drink : 2027  - 2033","1","https://www.winefront.com.au/author/kasia/"
"154615","Kasia Sobiesiak","Pig In The House Picpoul Blanc 2026","15 August 2026","Crunchy green fruit, Granny Smith apple, nashi pear, lemon, firm nectarine, sea breeze. Flavours come with a slippery, wet chalk texture, fresh bitter herbs and a green grapefruit finish, making it an ultra-fresh wine that is easy to drink.","90 Points","Aug26","12.5%","$25","Screwcap","2026","2027","2026  - 2027","Central Ranges | other whites","https://www.winefront.com.au/category/regions/australia/new-south-wales/central-ranges/ | https://www.winefront.com.au/category/grapes/other-whites/","http://piginthehouse.com.au/","https://www.winefront.com.au/pig-in-the-house-picpoul-blanc-2026/","0 Comments","https://www.winefront.com.au/wp-content/uploads/2026/08/Screenshot-2026-08-15-at-1.34.04-pm-118x300.png","Rated : 90 Points
Tasted : Aug26
Alcohol : 12.5%
Price : $25
Closure : Screwcap
Drink : 2026  - 2027","1","https://www.winefront.com.au/author/kasia/"
"154613","Kasia Sobiesiak","Mezzacorona Ventessa Pinot Grigio 2025","15 August 2026","On the label: Dolomiti IGT, naturally low calorie, 90 calories per 5oz (150ml) serving (this looks like 90 points from afar, which is pretty cheeky…) 9% ABV. I looked up how much it is in a regular PG (12%) – approx 110-120 calories. All good, just some info… BTW, should there be a separate points scale for no and low wines? Importer: Single Vineyard Sellers

It smells like a typical, textbook Pinot Grigio: apple and pear, green peach and mint leaf with a sweet, sugar-dusted almond and something à la milky/lactic tone. It is very light on the palate, sloshy, citrusy, lemon-water-like, but it carries subtle notes found on the nose, too. It’s simple but not bad at all.","86 Points","Aug26","9%","$20","Diam","2026","2027","2026  - 2027","Italy | pinot gris/grigio","https://www.winefront.com.au/category/regions/italy/ | https://www.winefront.com.au/category/grapes/pinot-grisgrigio/","http://www.mezzacorona.it/","https://www.winefront.com.au/mezzacorona-ventessa-pinot-grigio-2025/","0 Comments","https://www.winefront.com.au/wp-content/uploads/2026/08/Screenshot-2026-08-15-at-1.02.55-pm-141x300.png","Rated : 86 Points
Tasted : Aug26
Alcohol : 9%
Price : $20
Closure : Diam
Drink : 2026  - 2027","1","https://www.winefront.com.au/author/kasia/"
"154611","Kasia Sobiesiak","Lino Ramble Earnest Pinot Grigio 2025","15 August 2026","It’s not explicitly noted on the bottle that this is a skin-contact Pinot Grigio. Nor that it is unfined/unfiltered. But it seems to be both (I checked on the web-it is). And that’s perfectly fine – duh! Perhaps even better than a fined/filtered, non-skin-contact PG.

Noted pinkish hue. Lots of delicious aromas to start. Almond, nectarine, apple and pear. Chalky texture, elements of savoury pastry and gentle spicy traction. Oregano and peach blossom meandering through. Citrus pithiness and a salty finish. What a lovely composition.","92 Points","Aug26","12.2%","$35","Cork","2026","2031","2026  - 2031","pinot gris/grigio | Wrattonbully","https://www.winefront.com.au/category/grapes/pinot-grisgrigio/ | https://www.winefront.com.au/category/regions/australia/south-australia/wrattonbully/","http://www.linoramble.com.au/","https://www.winefront.com.au/lino-ramble-earnest-pinot-grigio-2025/","0 Comments","https://www.winefront.com.au/wp-content/uploads/2026/08/Screenshot-2026-08-15-at-12.41.21-pm-116x300.png","Rated : 92 Points
Tasted : Aug26
Alcohol : 12.2%
Price : $35
Closure : Cork
Drink : 2026  - 2031","1","https://www.winefront.com.au/author/kasia/"
"154457","Kasia Sobiesiak","Howard Park Arbor Novae Syrah 2024","11 August 2026","Ripe blackberries, mulberry, violet, liquorice, wet slate and a nicely contrasting earthy, bitumen note. Tannins are chocolatey with peppery spice. There’s depth of flavour here, with a dark core, a juicy exterior and a chalky/powdery texture. Vibrant and well structured wine.","93 Points","Jun26","14%","$35","Screwcap","2025","2030","2025  - 2030","Great Southern | shiraz et al","https://www.winefront.com.au/category/regions/australia/western-australia/great-southern/ | https://www.winefront.com.au/category/grapes/shiraz-et-al/","http://www.howardparkwines.com.au/","https://www.winefront.com.au/howard-park-arbor-novae-syrah-2024/","0 Comments","https://www.winefront.com.au/wp-content/uploads/2026/08/Screenshot-2026-08-11-at-9.27.30-am-133x300.png","Rated : 93 Points
Tasted : Jun26
Alcohol : 14%
Price : $35
Closure : Screwcap
Drink : 2025  - 2030","1","https://www.winefront.com.au/author/kasia/"
"154455","Kasia Sobiesiak","Howard Park Arbor Novae Fiano 2025","10 August 2026","Very inviting start, green apple, sweet ripe citrus, a little bit of almond and fresh herbs, firm nectarine, hot slate lift on the nose. Very fresh and vigorous palate, taut line of acidity with a salty edge, grapefruit, and more bitter almond; it’s dry and driving and that light phenolic texture is watering the mouth. A beautiful expression of a Fiano.","92 Points","Apr26","12.5%","$30","Screwcap","2026","2028","2026  - 2028","Great Southern | other whites","https://www.winefront.com.au/category/regions/australia/western-australia/great-southern/ | https://www.winefront.com.au/category/grapes/other-whites/","http://www.howardparkwines.com.au/","https://www.winefront.com.au/howard-park-arbor-novae-fiano-2025/","0 Comments","https://www.winefront.com.au/wp-content/uploads/2026/08/Screenshot-2026-08-10-at-9.04.12-pm-170x300.png","Rated : 92 Points
Tasted : Apr26
Alcohol : 12.5%
Price : $30
Closure : Screwcap
Drink : 2026  - 2028","1","https://www.winefront.com.au/author/kasia/"
"154453","Kasia Sobiesiak","La Violetta 2 or 3 Pinos 2023","10 August 2026","Pinot Gris, Pinot Noir, Meunier.

Presents itself as a dark rose or a light red. It’s a bit wild to start. Reductive in the wine tasting jargon, ie meaty, with smoked charcuterie, a lightly nutty edge and a decaying element. There’s a foresty theme here, wet bark and moss, wet leaves, wild berries and a shy woody spice finish. This bit of the savoury theme is lifted by a blood orange and a pomegranate tang. Not bad. The finish is sweet and bitterish. Curious drop, in the zone of a light amaro.","91 Points","Jul26","12.8%","$30","Screwcap","2026","2028","2026  - 2028","Denmark | other reds","https://www.winefront.com.au/category/regions/australia/western-australia/denmark/ | https://www.winefront.com.au/category/grapes/other-reds/","http://lavioletta.com.au/","https://www.winefront.com.au/la-violetta-2-or-3-pinos-2023/","2 Comments","https://www.winefront.com.au/wp-content/uploads/2026/08/Screenshot-2026-08-10-at-8.39.59-pm-144x300.png","Rated : 91 Points
Tasted : Jul26
Alcohol : 12.8%
Price : $30
Closure : Screwcap
Drink : 2026  - 2028","2","https://www.winefront.com.au/author/kasia/page/2/"
"154451","Kasia Sobiesiak","Mon Tout Cherry Picking Grenache 2025","10 August 2026","This just casually sweeps in with a pure red cherry perfume and takes over. Beautiful expression, a bit juby, red liquorice strap vibe, but a lot juicy, with gravelly and pumice stone tannins, and a bloody-iron-like line through the middle, start to end. Great acidity, spicy tingle. Comes in sweet, finishes dry. Pure joy to drink.","93 Points","Jul26","13.5%","$33","Screwcap","2026","2035","2026  - 2035","grenache et al | Swan Valley | Tip Top Tipple | Top Value","https://www.winefront.com.au/category/grapes/grenache-et-al/ | https://www.winefront.com.au/category/regions/australia/western-australia/swan-valley/ | https://www.winefront.com.au/category/top-wines/tip-top-tipple/ | https://www.winefront.com.au/category/top-wines/top-value/","http://www.montout.com.au/","https://www.winefront.com.au/mon-tout-cherry-picking-grenache-2025/","0 Comments","https://www.winefront.com.au/wp-content/uploads/2026/08/Screenshot-2026-08-10-at-8.21.23-pm-117x300.png","Rated : 93 Points
Tasted : Jul26
Alcohol : 13.5%
Price : $33
Closure : Screwcap
Drink : 2026  - 2035","2","https://www.winefront.com.au/author/kasia/page/2/"
"154449","Kasia Sobiesiak","Mon Tout Strange Love Rose 2025","10 August 2026","Pinot Noir and Pinot Gris.

It’s a savoury style of rosé. No bubble-gummy tones here, more of a peach skin, papaya, orange pith, and wild strawberry, stacked against the balancing scents of wet slate – think petrichor, bitter herbs like oregano and sage, then a nutty-almondy finish with a textural, drying-chalk component in the very aftertaste. Very tasty pink wine.","92 Points","Jul26","12.5%","$33","Screwcap","2026","2028","2026  - 2028","Rose | Tip Top Tipple | Western Australia","https://www.winefront.com.au/category/grapes/rose/ | https://www.winefront.com.au/category/top-wines/tip-top-tipple/ | https://www.winefront.com.au/category/regions/australia/western-australia/","http://montout.com.au/","https://www.winefront.com.au/mon-tout-strange-love-rose-2025/","0 Comments","https://www.winefront.com.au/wp-content/uploads/2026/08/Screenshot-2026-08-10-at-8.09.11-pm-152x300.png","Rated : 92 Points
Tasted : Jul26
Alcohol : 12.5%
Price : $33
Closure : Screwcap
Drink : 2026  - 2028","2","https://www.winefront.com.au/author/kasia/page/2/"
"154447","Kasia Sobiesiak","Pig in the House Organic Rose 2026","10 August 2026","Gets me every time. Every time! ‘2026’ on the label… in August.

Guava and peach iced tea as welcoming aromas. Joyful start, and in a way you know what’s coming next. Strawberry and cherry, cream, apple and mint, fun-in-the-sun, sweet-fruited wine, but not sweet per se, fresh, juicy and finishing dry. Straightforward offering.","90 Points","Jul26","12.5%","$25","Screwcap","2026","2027","2026  - 2027","Cowra | organic | Rose","https://www.winefront.com.au/category/regions/australia/new-south-wales/cowra/ | https://www.winefront.com.au/category/grapes/organic/ | https://www.winefront.com.au/category/grapes/rose/","http://www.piginthehouse.com.au/","https://www.winefront.com.au/pig-in-the-house-organic-rose-2026/","0 Comments","https://www.winefront.com.au/wp-content/uploads/2026/08/Screenshot-2026-08-10-at-8.04.43-pm-139x300.png","Rated : 90 Points
Tasted : Jul26
Alcohol : 12.5%
Price : $25
Closure : Screwcap
Drink : 2026  - 2027","2","https://www.winefront.com.au/author/kasia/page/2/"
"154445","Kasia Sobiesiak","Mon Tout Long Play 2025","10 August 2026","Chenin Blanc.

Apples all the way, green apple tart edge, with a riper, yellow apple core, plus a strong note of citrus and baked ricotta. The aromas bounce between aromatic flowers, chamomile and honeysuckle, and savoury tones like cheesecloth, with a salty-chalky aftertaste. All things nice, good wine.","92 Points","Jul26","12.5%","$33","Screwcap","2026","2028","2026  - 2028","Margaret River | other whites","https://www.winefront.com.au/category/regions/australia/western-australia/margaret-river/ | https://www.winefront.com.au/category/grapes/other-whites/","http://www.montout.com.au/","https://www.winefront.com.au/mon-tout-long-play-2025/","0 Comments","https://www.winefront.com.au/wp-content/uploads/2026/08/Screenshot-2026-08-10-at-7.58.16-pm-107x300.png","Rated : 92 Points
Tasted : Jul26
Alcohol : 12.5%
Price : $33
Closure : Screwcap
Drink : 2026  - 2028","2","https://www.winefront.com.au/author/kasia/page/2/"
"154443","Kasia Sobiesiak","Kerri Greens Citrea Riesling 2025","10 August 2026","Things are done in wood here, there’s no fear of textures coming with micro-oxygenation in the process.

Very expressive citrus family notes on the nose, lemon blossom and lime skin, along with citrus-led herbs like lemongrass and lemon balm. On the edges, the aromas are waxy and a little nutty. The top note is a ‘mineral’ vibration, coming as a scent of salty water on hot rocks. The wine has purity in the fruit department; it’s expressive and juicy, flavour runs deep; the flow is gently textural in this edition, with dusty chalk traction and a spicy ginger finish. Super delicious as it comes.","94 Points","Jul26","12.2%","$42","Screwcap","2026","2035","2026  - 2035","Mornington Peninsula | riesling","https://www.winefront.com.au/category/regions/australia/victoria/mornington-peninsula/ | https://www.winefront.com.au/category/grapes/riesling/","http://kerrigreens.com/","https://www.winefront.com.au/kerri-greens-citrea-riesling-2025/","0 Comments","https://www.winefront.com.au/wp-content/uploads/2026/08/Screen-Shot-2025-03-02-at-12.06.08-am-393x1024-1-1-115x300.png","Rated : 94 Points
Tasted : Jul26
Alcohol : 12.2%
Price : $42
Closure : Screwcap
Drink : 2026  - 2035","2","https://www.winefront.com.au/author/kasia/page/2/"
"154441","Kasia Sobiesiak","La Violetta meunier 2025","10 August 2026","This is a little wild and dark in profile, but then light and frisky in nature with a left-of-centre aroma bouquet, nothing is straightforward fruity here. It’s a wine with a savoury, meaty edge, saucisson sec aux noisettes (pardon my French), that chunky nutty-sweet salami with hazelnuts. Think forest floor and plenty of small, sour blueberries, with a bit of flint and violet tones. There’s a good pinch of black pepper spice in the aftermath, too. Not an obvious red, but moreish and it drinks in a fresh, savoury way. I like that.","92 Points","Jul26","13%","$42","Screwcap","2026","2028","2026  - 2028","Denmark | other reds","https://www.winefront.com.au/category/regions/australia/western-australia/denmark/ | https://www.winefront.com.au/category/grapes/other-reds/","http://lavioletta.com.au/","https://www.winefront.com.au/la-violetta-meunier-2025/","1 Comment","https://www.winefront.com.au/wp-content/uploads/2026/08/Screenshot-2023-04-10-at-15.06.50-307x1024-1-90x300.png","Rated : 92 Points
Tasted : Jul26
Alcohol : 13%
Price : $42
Closure : Screwcap
Drink : 2026  - 2028","2","https://www.winefront.com.au/author/kasia/page/2/"
"154219","Kasia Sobiesiak","Aline Beauné Montagny 1er Cru Le Cloux 2023","02 August 2026","Le Cloux (alt. Le Clou) and Chazelle (review here) are the lieu-dits of 1er Cru Montagny; they are small, approx 2 ha plots, and they rarely appear on bottles—no honourable mentions for them, but from Aline, yes. Apparently, Aline is getting recognised by many notable people recently, so the wines are in demand. Happy for her, but Ethereal Wines only got a tiny allocation for Australia as a result, just 60 bottles! Run!

This deserves a big glass. Le Cloux is a touch heavier than Chazelle. It’s spicier and more curdy. The fabric of flavour is heavy but cool and smooth, like thick satin. On offer are slippery green melon flesh, cream slice, toasted almond, maybe even a richer nut like macadamia. All delicious aromas, none dominating the wine. And that’s because there’s a strong citrus skin and flint stone thread that zips it all up, and keeps it taut and fresh in the finish. Another superstar form Aline Beauné.","95 Points","Jun26","13%","$98","Cork","2026","2033+","2026  - 2033+","Burgundy | chardonnay","https://www.winefront.com.au/category/regions/france/burgundy/ | https://www.winefront.com.au/category/grapes/chardonnay/","http://alinebeaune.fr/","https://www.winefront.com.au/aline-beaune-montagny-1er-cru-le-cloux-2023/","0 Comments","https://www.winefront.com.au/wp-content/uploads/2026/08/Screenshot-2026-08-02-at-6.46.50-pm-141x300.png","Rated : 95 Points
Tasted : Jun26
Alcohol : 13%
Price : $98
Closure : Cork
Drink : 2026  - 2033+","2","https://www.winefront.com.au/author/kasia/page/2/"
"154208","Kasia Sobiesiak","Aline Beauné Montagny 1er Cru Chazelle 2023","02 August 2026","Aline Beauné worked for some time as an oenologist at Château de la Crée in Santenay. In 2018 she released her first wines after taking over her family’s six hectares of vineyards in Montagny. Recently, she’s been gaining a cult following. And hence, the allocation here is only 120 bottles. Importer: Ethereal Wines

There’s a considerable density in aromas and flavours in this wine. Yellow peaches, baked apples, almond nougat, lemon zest biscuits and orange blossom. It has a very pretty perfume, so much nuance. The ripeness is spot on here, and even though it is noticeable with hints of green tropical fruit skins, the flavours are crisp and stony, and the finish is dry with a hint of salinity—placed in a perfect spot to cause the next-sip-salivation.","95 Points","Jun26","13%","$98","Cork","2026","2033+","2026  - 2033+","Burgundy | chardonnay","https://www.winefront.com.au/category/regions/france/burgundy/ | https://www.winefront.com.au/category/grapes/chardonnay/","http://alinebeaune.fr/","https://www.winefront.com.au/aline-beaune-montagny-1er-cru-chazelle-2023/","2 Comments","https://www.winefront.com.au/wp-content/uploads/2026/08/Screenshot-2026-08-02-at-4.47.10-pm-160x300.png","Rated : 95 Points
Tasted : Jun26
Alcohol : 13%
Price : $98
Closure : Cork
Drink : 2026  - 2033+","2","https://www.winefront.com.au/author/kasia/page/2/"
"154206","Kasia Sobiesiak","Aline Beauné Montagny 2023","02 August 2026","Importer: Ethereal Wines.

You know that moment when you smell the wine and it just smells delicious? That’s the moment, that’s the wine. Layers of perfume. Ripe fruit base, apples and stone fruit, crunchy and tart apple bake, a hint of green melon skin, all tossed with fresh herbs and spices and swirls of almond cream. There’s a great deal of weight and flavour here, especially mid-way, with minerally freshness, stony/slatey palate, tingling cinnamon and ginger in the finish. Super wine, so fine, so detailed, so delicious.","94 Points","Jun26","13%","$119","Cork","2026","2033","2026  - 2033","Burgundy | chardonnay","https://www.winefront.com.au/category/regions/france/burgundy/ | https://www.winefront.com.au/category/grapes/chardonnay/","http://alinebeaune.fr/","https://www.winefront.com.au/aline-beaune-montagny-2023/","0 Comments","https://www.winefront.com.au/wp-content/uploads/2026/08/Screenshot-2026-08-02-at-4.27.24-pm-114x300.png","Rated : 94 Points
Tasted : Jun26
Alcohol : 13%
Price : $119
Closure : Cork
Drink : 2026  - 2033","2","https://www.winefront.com.au/author/kasia/page/2/"
"154202","Kasia Sobiesiak","Aline Beauné Bourgogne Blanc 2023","02 August 2026","We are off to a good start. In front of me, a mini line-up of Aline’s Chardonnays, two village level, two 1er crus of Montagny. All courtesy of Ethereal Wines, who imports them. Thanks for the treat.

Beautiful start. Peach and apple are first, but there’s lots going on and it’s hard to catch individual aromas because they flow together so well. Gentle note of pastry with cream, almonds and a hint of aniseed. Very smooth texture, silky flow, plenty of freshness, depth of flavour, cool acidity with sinking citrus skins and river stones. It’s all in harmony, all mixed seamlessly. What a beauty, finesse all the way! Quality and value BB.","93 Points","Jun26","13%","$97","Cork","2026","2033","2026  - 2033","Burgundy | chardonnay","https://www.winefront.com.au/category/regions/france/burgundy/ | https://www.winefront.com.au/category/grapes/chardonnay/","http://alinebeaune.fr/","https://www.winefront.com.au/aline-beaune-bourgogne-blanc-2023/","0 Comments","https://www.winefront.com.au/wp-content/uploads/2026/08/Screenshot-2026-08-02-at-4.05.05-pm-102x300.png","Rated : 93 Points
Tasted : Jun26
Alcohol : 13%
Price : $97
Closure : Cork
Drink : 2026  - 2033","2","https://www.winefront.com.au/author/kasia/page/2/"
"154189","Kasia Sobiesiak","Jérôme Arnoux Crémant ZD 2019","01 August 2026","Ethereal Wine’s website says: Zero dosage – 100% Chardonnay. Aged for 60 months before release much of that time on lees. Taut & crunchy but no shortage of fruit here either. From the superb & very low yielding 2019 vintage. Importer: Ethereal Wines

It’s a Blanc de Blanc with zero dosage, but the style here is proper ripe, nutty and quite impactful. So if you’re after a steely, chalky thing – not here, bye-bye! If you’re an oxy, grower-producer fan – then, right here, hello friend 🙂

This has a deeper shade of yellow, golden territory perhaps. It looks ripe and it smells ripe too; with peanut brittle, peach mousse and crunchy apple pastry, golden oats, in two words: salivatingly delicious. The palate has the weight but also the crunch. It’s lightly toasted, red apple, baked ricotta, swirls of honey on a toast, kind of nut and fruit muesli bar feel with green apple and brown lime to balance. The ripeness here does the trick, it gives the wine a satisfactory weight at no sugar expense. All comes together nicely with plenty of flavour. Very good sparkling.","94 Points","Jul26","13%","$99","Cork","2026","2034","2026  - 2034","Jura | Sparkling","https://www.winefront.com.au/category/regions/france/jura/ | https://www.winefront.com.au/category/grapes/sparkling/","","https://www.winefront.com.au/jerome-arnoux-cremant-zd-2019/","2 Comments","https://www.winefront.com.au/wp-content/uploads/2026/08/Screenshot-2026-08-01-at-5.40.02-pm-102x300.png","Rated : 94 Points
Tasted : Jul26
Alcohol : 13%
Price : $99
Closure : Cork
Drink : 2026  - 2034","2","https://www.winefront.com.au/author/kasia/page/2/"
"154187","Kasia Sobiesiak","Jérôme Arnoux Trousseau Exception 2023","01 August 2026","Importer: Ethereal Wines

Admittedly, this wine was better on the second day. Just a bit of a wilderness creeps in at the start. It’s bloody, plummy and gamey, earthy with a polished leather note and wet, dark earth. There’s a herbaceous and vegetal note here too to twist things further. All this mingles with a tart black cherry and mulberry. It has a good acid lift and vibration in the aftertaste. A bit wild but with a mouthwatering, savoury fruit profile.","92 Points","Jul26","13%","$98","Cork","2026","2030","2026  - 2030","Jura | other reds","https://www.winefront.com.au/category/regions/france/jura/ | https://www.winefront.com.au/category/grapes/other-reds/","","https://www.winefront.com.au/jerome-arnoux-trousseau-exception-2023/","0 Comments","https://www.winefront.com.au/wp-content/uploads/2026/08/Screenshot-2026-08-01-at-5.03.51-pm-126x300.png","Rated : 92 Points
Tasted : Jul26
Alcohol : 13%
Price : $98
Closure : Cork
Drink : 2026  - 2030","2","https://www.winefront.com.au/author/kasia/page/2/"
"154185","Kasia Sobiesiak","Jérôme Arnoux Braséro Rosé 2023","01 August 2026","A saignée style rosé raised in stainless style. It’s 50% Pinot Noir and 50% Poulsard. Importer: Ethereal Wines

A polar opposite of the ‘Provençal style’. And it may be a bit counterintuitive to lift a pretty pink liquid to the nose and not get anything stereotypically ‘pretty’, aka juby-sweet in aromas. Love it. This is so-so savoury; it only looks like strawberries and cream but, in fact, red berries are a distant memory in this wine. It smells of hot iron, gunpowder, red brick, that kind of dusty red earth vibration. Then, you get red flowers poking through, some game meat, wet forest floor, autumnal leaves, red apple skin, rose potpourri and drying herbs. It has weight and the acidity carries the savoury details long in the aftertaste. It’s a hypnotising rose.","95 Points","Jul26","13%","$67","Cork","2026","2031","2026  - 2031","Jura | other reds | Rose","https://www.winefront.com.au/category/regions/france/jura/ | https://www.winefront.com.au/category/grapes/other-reds/ | https://www.winefront.com.au/category/grapes/rose/","","https://www.winefront.com.au/jerome-arnoux-brasero-rose-2023/","0 Comments","https://www.winefront.com.au/wp-content/uploads/2026/08/Screenshot-2026-08-01-at-4.33.05-pm-86x300.png","Rated : 95 Points
Tasted : Jul26
Alcohol : 13%
Price : $67
Closure : Cork
Drink : 2026  - 2031","2","https://www.winefront.com.au/author/kasia/page/2/"
"154183","Kasia Sobiesiak","Jérôme Arnoux Poulsard Subtil 2022","01 August 2026","Importer: Ethereal Wines

Earthy wine with dried blood, iron and flint-stone-type of a ‘mineral’ top note. Very savoury from the start as a result. Spice, herbs and forest berries, amaro core, ripe pomegranate juice traction and a sarsaparilla edge. Tannins are fine and firm, smooth and slate-like. It’s a very gamey, very wet forest and decaying sous-bois wine with sparks of sweet berries and rose perfume. Very Baudelaire’s Les Fleurs du Mal, dark and moody style. Love it or hate it.","93 Points","Jul26","13%","$96","Cork","2026","2032","2026  - 2032","Jura | other reds","https://www.winefront.com.au/category/regions/france/jura/ | https://www.winefront.com.au/category/grapes/other-reds/","","https://www.winefront.com.au/jerome-arnoux-poulsard-subtil-2022/","0 Comments","https://www.winefront.com.au/wp-content/uploads/2026/08/Screenshot-2026-08-01-at-4.10.10-pm-127x300.png","Rated : 93 Points
Tasted : Jul26
Alcohol : 13%
Price : $96
Closure : Cork
Drink : 2026  - 2032","2","https://www.winefront.com.au/author/kasia/page/2/"
"153967","Kasia Sobiesiak","Michael Hall Sang de Pigeon Chardonnay 2025","27 July 2026","Michael says that people keep asking for the ‘pigeon wine’; at this value, fine by me, let it fly!

This hits the spot. Crunchy green apples, yellow stone fruit, bitter citrus, a bit of rolled oats, fresh ginger, green papaya tone and cinnamon dusting. Acidity in the driver’s seat and the oak is here for the ride but tucked away in the back(seat). All gliding smoothly together with plenty of cool freshness following each sip. Bang on.","94 Points","Jun26","13.4%","$35","Screwcap","2026","2031","2026  - 2031","Adelaide Hills | chardonnay | Tip Top Tipple | Top Value","https://www.winefront.com.au/category/regions/australia/south-australia/adelaide-hills/ | https://www.winefront.com.au/category/grapes/chardonnay/ | https://www.winefront.com.au/category/top-wines/tip-top-tipple/ | https://www.winefront.com.au/category/top-wines/top-value/","http://www.michaelhallwines.com/","https://www.winefront.com.au/michael-hall-sang-de-pigeon-chardonnay-2025/","0 Comments","https://www.winefront.com.au/wp-content/uploads/2026/07/Screenshot-2026-07-27-at-4.26.59-pm-106x300.png","Rated : 94 Points
Tasted : Jun26
Alcohol : 13.4%
Price : $35
Closure : Screwcap
Drink : 2026  - 2031","2","https://www.winefront.com.au/author/kasia/page/2/"
"153963","Kasia Sobiesiak","Howard Park Leston Shiraz 2024","27 July 2026","Expressive, juicy wine with buckets of blackberries and black cherries, plums, and a menthol note of freshness atop. Spicy, textural tannins, with a bit of a rocky quality mixed between the ripe fruit, giving it a crunchy feeling. Clean-cut, vibrant, well-made.","92 Points","Jul26","14%","$40","Screwcap","2026","2032","2026  - 2032","Margaret River | shiraz et al","https://www.winefront.com.au/category/regions/australia/western-australia/margaret-river/ | https://www.winefront.com.au/category/grapes/shiraz-et-al/","http://www.burchfamilywines.com.au/","https://www.winefront.com.au/howard-park-leston-shiraz-2024/","0 Comments","https://www.winefront.com.au/wp-content/uploads/2026/07/Screenshot-2026-07-27-at-3.55.08-pm-142x300.png","Rated : 92 Points
Tasted : Jul26
Alcohol : 14%
Price : $40
Closure : Screwcap
Drink : 2026  - 2032","2","https://www.winefront.com.au/author/kasia/page/2/"
"153959","Kasia Sobiesiak","Sweetwater Shiraz Touriga 2024","27 July 2026","I think Touriga [Nacional] is doing well in the Hunter Valley, dealing well with heat, and frankly, I like seeing more and more of dry Touriga, along with those coming out of the Douro Valley.

Beautiful perfume, firm black cherry, mulberry, black currants and raspberries in the mix, enveloped in cedar spice and an elegant truffle-like quality, with dark earth and violets. The wine has ripeness, but also a meaty, bloody edge and a well-guided cool line of acidity. The tannin profile has a bit of a gravelly texture and a spicy finish. All falls into place here. Classy dry red.","95 Points","Jun26","14%","$70","Screwcap","2027","2034+","2027  - 2034+","Hunter Valley | other reds | shiraz et al","https://www.winefront.com.au/category/regions/australia/new-south-wales/hunter-valley/ | https://www.winefront.com.au/category/grapes/other-reds/ | https://www.winefront.com.au/category/grapes/shiraz-et-al/","http://sweetwaterwines.com.au/","https://www.winefront.com.au/sweetwater-shiraz-touriga-2024/","6 Comments","https://www.winefront.com.au/wp-content/uploads/2026/07/Screenshot-2026-07-27-at-3.20.17-pm-72x300.png","Rated : 95 Points
Tasted : Jun26
Alcohol : 14%
Price : $70
Closure : Screwcap
Drink : 2027  - 2034+","2","https://www.winefront.com.au/author/kasia/page/2/"
"153954","Kasia Sobiesiak","NOMAN Montepulciano 2024","27 July 2026","Made by Sam Rumpit—the someone behind NOMAN.

Sweet plum, liquorice, black cherry and a coffee bean with a hint of violet, an expressive start on the nose to an expressive continuation on the palate. Flavours are ripe as the aromas, yet vivid, vibrating, with a boost of acid and chewy texture. It’s a mix of fruity, juicy, sweet-sour and a balancing bitter explosion painted in deep purple tones. Nice.","91 Points","Jul26","13.5%","$33","Screwcap","2026","2028","2026  - 2028","Hunter Valley | other reds","https://www.winefront.com.au/category/regions/australia/new-south-wales/hunter-valley/ | https://www.winefront.com.au/category/grapes/other-reds/","http://www.noman.com.au/","https://www.winefront.com.au/noman-montepulciano-2024/","0 Comments","https://www.winefront.com.au/wp-content/uploads/2026/07/Screenshot-2026-07-27-at-3.14.31-pm-89x300.png","Rated : 91 Points
Tasted : Jul26
Alcohol : 13.5%
Price : $33
Closure : Screwcap
Drink : 2026  - 2028","2","https://www.winefront.com.au/author/kasia/page/2/"
"153951","Kasia Sobiesiak","NOMAN Fiano 2025","27 July 2026","From the website: “Inspired by Odysseus in The Odyssey, NOMAN is rooted in the power of storytelling. Just as Odysseus captivated the cyclops Polyphemus with his nectar-like wine, our wines capture the essence of the grapes’ origins, journeys, and future.”

NOMAN is Sam Rumpit, a young winemaker from the Hunter Valley. He sent me the wines before I realised the movie Odyssey was on, but how befitting right now. Who has seen the movie? What did you think?? A bit of (over)hype around the IMAX camera/screen size, me thinks! Posh Melbourne folk?!

On the wine. The wine is good. Measured aromas of honeydew melon, green cucumber, peach, and green orange with a nutty edge. It stands pretty well as a table white, with soft yet fresh acidity, and a little spice front and back adding a textural component. All is in place; perhaps no special effects, but solid enough and honestly told Fiano story.","91 Points","Jul26","12%","$33","Screwcap","2026","2027","2026  - 2027","Hunter Valley | other whites","https://www.winefront.com.au/category/regions/australia/new-south-wales/hunter-valley/ | https://www.winefront.com.au/category/grapes/other-whites/","http://www.noman.com.au/","https://www.winefront.com.au/noman-fiano-2025/","0 Comments","https://www.winefront.com.au/wp-content/uploads/2026/07/Screenshot-2026-07-27-at-2.55.40-pm-86x300.png","Rated : 91 Points
Tasted : Jul26
Alcohol : 12%
Price : $33
Closure : Screwcap
Drink : 2026  - 2027","2","https://www.winefront.com.au/author/kasia/page/2/"
"153934","Kasia Sobiesiak","La Violetta Das Sakrileg Riesling 2024","26 July 2026","Tasting with AJ at La Violetta was one of the highlight visits from my 2024 trip to Great Southern.

This Riesling is something of a calling card for La Violetta. As it’s barrel fermented, it shows depth and ripeness, richness of fruit, mango skin, golden kiwi, quince, pomelo and notes of beeswax and flint. There’s a mineral tension building here with each sip, but the texture is relaxed in a way, not racing, rather patient, sinking slowly but deeply with a ripe, pithy acidity and a toasted almond edge. What a wine. So delicious.","95 Points","Jul26","12.5%","$44","Screwcap","2026","2034+","2026  - 2034+","Great Southern | riesling | Tip Top Tipple","https://www.winefront.com.au/category/regions/australia/western-australia/great-southern/ | https://www.winefront.com.au/category/grapes/riesling/ | https://www.winefront.com.au/category/top-wines/tip-top-tipple/","http://lavioletta.com.au/","https://www.winefront.com.au/la-violetta-das-sakrileg-riesling-2024/","1 Comment","https://www.winefront.com.au/wp-content/uploads/2026/07/Screenshot-2024-08-28-at-10.15.55-am-108x300.png","Rated : 95 Points
Tasted : Jul26
Alcohol : 12.5%
Price : $44
Closure : Screwcap
Drink : 2026  - 2034+","3","https://www.winefront.com.au/author/kasia/page/3/"
"153936","Kasia Sobiesiak","La Violetta Little Sak Riesling 2023","26 July 2026","This is new, I’m pretty sure. A little brother of Das Sakrileg… Wowza, this is super tasty! Detailed, with wild flowers, citrus oils, ripe stone fruit, slate, smooth, lightly yoghurty palate finishing with a wet chalk feel. Plenty of flavour tightened by fine threads of acidity. Some comparison with Das Sakrileg perhaps in place—two very different definitions of Riesling; the Little Sak more racing, pure, very keen and keyed up, Das Sakrileg (aka the Big Sak), on the other hand, mature, serious, rich and fuller in body, relaxed in nature. But Little Sak not so little in expressing aromas and flavours!","95 Points","Jul26","11.9%","$36","Screwcap","2026","2034+","2026  - 2034+","Great Southern | riesling | Tip Top Tipple","https://www.winefront.com.au/category/regions/australia/western-australia/great-southern/ | https://www.winefront.com.au/category/grapes/riesling/ | https://www.winefront.com.au/category/top-wines/tip-top-tipple/","http://lavioletta.com.au/","https://www.winefront.com.au/la-violetta-little-sak-riesling-2023/","2 Comments","https://www.winefront.com.au/wp-content/uploads/2026/07/Screenshot-2026-07-26-at-8.04.55-pm-122x300.png","Rated : 95 Points
Tasted : Jul26
Alcohol : 11.9%
Price : $36
Closure : Screwcap
Drink : 2026  - 2034+","3","https://www.winefront.com.au/author/kasia/page/3/"
"153905","Kasia Sobiesiak","Whisson Lake White Label Pinot Noir 2024","26 July 2026","On first impression, 2024 White Label Pinot Noir is quite Italianate in style. Perhaps skewed away from the imagined Burgundian spirit, but boy, how good are Italian-inspired aromatics in a Pinot. Bergamot orange, sour cherry, black cherry too, almonds, freshly roasted coffee bean, a bit of bloody tension, a tiny bit of balsamic seasoning and red brick dust tingling sensation. The tannins are powdery/silty in nature, carrying the flavour concentration very well in this light-bodied Pinot, leaving behind cherry pip, fresh pomegranate juice and a warming spice vibration. All still pretty tight; needs time.","94+ Points","Jun26","14.5%","$90","Cork","2027","2034","2027  - 2034","Adelaide Hills | pinot noir","https://www.winefront.com.au/category/regions/australia/south-australia/adelaide-hills/ | https://www.winefront.com.au/category/grapes/pinot-noir/","http://www.whissonlake.com/","https://www.winefront.com.au/whisson-lake-white-label-pinot-noir-2024/","0 Comments","https://www.winefront.com.au/wp-content/uploads/2026/07/whissonwhite-106x300.png","Rated : 94+ Points
Tasted : Jun26
Alcohol : 14.5%
Price : $90
Closure : Cork
Drink : 2027  - 2034","3","https://www.winefront.com.au/author/kasia/page/3/"
"153930","Kasia Sobiesiak","Whisson Lake Monopole Pinot Noir 2024","26 July 2026","As a context, crop was very low in 2024 for Whisson Lake and Monopole is made from only four rows of vines, just enough to make one barrel of wine. So the whole production is tiny.

Monopole selection of vines shows more intensity than the rest of the vineyard presented in the White Label. There’s great depth of aromas and flavours here, undoubtedly the ripeness and concentration; ripe black cherry, elements of dried cherry and a mix of garden herbs on the nose. The core is sweet-fruited and dark, laced with iron, amaro notes, toasted spice, aromatic dark chocolate; tannins are gravelly and spicy. All comes together as a perfect brew, a wine of character and finesse. Needs more time in the bottle.","95+ Points","Jun26","14.2%","$180","Cork","2028","2038","2028  - 2038","Adelaide Hills | pinot noir","https://www.winefront.com.au/category/regions/australia/south-australia/adelaide-hills/ | https://www.winefront.com.au/category/grapes/pinot-noir/","http://www.whissonlake.com/","https://www.winefront.com.au/whisson-lake-monopole-pinot-noir-2024/","0 Comments","https://www.winefront.com.au/wp-content/uploads/2026/07/monompole-99x300.jpeg","Rated : 95+ Points
Tasted : Jun26
Alcohol : 14.2%
Price : $180
Closure : Cork
Drink : 2028  - 2038","3","https://www.winefront.com.au/author/kasia/page/3/"
"153891","Kasia Sobiesiak","Greywacke Pinot Gris 2024","25 July 2026","A bit of a time gap with Greywacke reviews on TWF, glad I could look at some of these wines recently. Importer: Saint Wine

Quite nutty to start with, pear skin and marzipan, plenty of textural spice, ginger, cinnamon bark, peach skin and apricot stone with a pinching vibration of wild honey. A Pinot Gris that shows ripeness and richness at no acidity expense and with well-managed, elevated alcohol. There’s a hint of sweetness in the finish, but it’s all tightly wrapped in medicinal, herbal bitterness that is the cause of salivation and one to blame for all following sips.","94 Points","Jun26","14.5%","$36","Screwcap","2026","2032","2026  - 2032","Marlborough | pinot gris/grigio","https://www.winefront.com.au/category/regions/nz/marlborough/ | https://www.winefront.com.au/category/grapes/pinot-grisgrigio/","http://greywacke.com/","https://www.winefront.com.au/greywacke-pinot-gris-2024/","1 Comment","https://www.winefront.com.au/wp-content/uploads/2026/07/Screenshot-2026-07-25-at-3.18.24-pm-132x300.png","Rated : 94 Points
Tasted : Jun26
Alcohol : 14.5%
Price : $36
Closure : Screwcap
Drink : 2026  - 2032","3","https://www.winefront.com.au/author/kasia/page/3/"
"153887","Kasia Sobiesiak","La Violetta LV Vermentino 2024","25 July 2026","LV is another range from La Violetta. There’s a more pimped version of Vermentino out there—the Fav. This is supposedly less fancy, but equally delicious.

Pear, apple and green orange, lemongrass, oregano and citrus wax with a sweet almond. All this makes for a subtle complexity in this wine, a good start. Super refreshing on the palate, with a pink grapefruit bitterness and herbaceous finish, with more of the Italian-themed bitter herbs and sweet citrus tones in development. It’s textural and very much engaging the taste buds, seemingly elemental and fresh, but quietly interesting and detailed.","93 Points","Jun26","11.5%","$30","Screwcap","2026","2030","2026  - 2030","Frankland River | other whites | Tip Top Tipple | Top Value","https://www.winefront.com.au/category/regions/australia/western-australia/great-southern/frankland-river/ | https://www.winefront.com.au/category/grapes/other-whites/ | https://www.winefront.com.au/category/top-wines/tip-top-tipple/ | https://www.winefront.com.au/category/top-wines/top-value/","http://lavioletta.com.au/","https://www.winefront.com.au/la-violetta-lv-vermentino-2024/","1 Comment","https://www.winefront.com.au/wp-content/uploads/2026/07/Screenshot-2026-07-25-at-3.11.31-pm-101x300.png","Rated : 93 Points
Tasted : Jun26
Alcohol : 11.5%
Price : $30
Closure : Screwcap
Drink : 2026  - 2030","3","https://www.winefront.com.au/author/kasia/page/3/"
"153885","Kasia Sobiesiak","Windowrie Sakura Picpoul Blanc 2026","25 July 2026","Starting off with slightly candied scents à la pear drop, but also gooseberry, lychee, kiwi, white flowers, peach and a lemon tea with a peppery pinch. Floral wine, a little fruity-generic, but pleasant as a fresh white.","88 Points","Jun26","12%","$40","Screwcap","2026","2027","2026  - 2027","Central Ranges | other whites","https://www.winefront.com.au/category/regions/australia/new-south-wales/central-ranges/ | https://www.winefront.com.au/category/grapes/other-whites/","http://www.windowrie.com.au/","https://www.winefront.com.au/windowrie-sakura-picpoul-blanc-2026/","0 Comments","https://www.winefront.com.au/wp-content/uploads/2026/07/Screenshot-2026-07-25-at-3.03.27-pm-140x300.png","Rated : 88 Points
Tasted : Jun26
Alcohol : 12%
Price : $40
Closure : Screwcap
Drink : 2026  - 2027","3","https://www.winefront.com.au/author/kasia/page/3/"
"153883","Kasia Sobiesiak","Château Guipière L’Ecailler Gros Plant du Pays Nantais 2023","25 July 2026","I went to Nantes last year (2025), and I was very unimpressed with the town itself, but the wines of the area were quite the contrary. Especially the Muscadets sur lie for years on end. Foodwise, as a sweet-tooth, I loved gâteau nantais, the sugar-glazed, lemon and rum-soaked baba. On the tasting bench, no babas and no Melons, but a Folle Blanche from the region. Importer: Ethereal Wines

Starting with the structure, as it hits me first: turbo-charged salted lemon acidity, minerally, super crisp green apple, feather-light and ultra-refreshing. Slippery and zingy squared. Aromas are a touch heavier, but still fresh and lifted, floral at large, lemon blossom, jasmine, lime skin and water on hot rocks with a side of sour yoghurt. This is a no-brainer for Riesling lovers and as a pairing for oysters. It may as well reward with more time; I would be curious to see it in 10-15 years. A bit hard to score.","92+ Points","Jun26","11%","$36","Cork","2027","2033+","2027  - 2033+","Loire Valley | other whites","https://www.winefront.com.au/category/regions/france/loire-valley/ | https://www.winefront.com.au/category/grapes/other-whites/","http://chateauguipiere.com/","https://www.winefront.com.au/chateau-guipiere-lecailler-gros-plant-du-pays-nantais-2023/","1 Comment","https://www.winefront.com.au/wp-content/uploads/2026/07/Screenshot-2026-07-25-at-2.56.19-pm-250x300.png","Rated : 92+ Points
Tasted : Jun26
Alcohol : 11%
Price : $36
Closure : Cork
Drink : 2027  - 2033+","3","https://www.winefront.com.au/author/kasia/page/3/"
"153881","Kasia Sobiesiak","Aline Beauné Santenay 1er Cru Beaurepaire 2022","25 July 2026","Importer: Ethereal Wines

The warmth of the 2022 is here and deliciously impactful, too. Kirsch in a leading role, that black, bittersweet cherry, then raspberry, smoked plum and ripe figs. No doubt there’s substantial, haunting ripeness here, but my oh my, is there depth and complexity too. There are elements of aniseed, liquorice, dark earth, and black pepper. Deep flavour, very fine, bloody, iron-like tannins… It’s a feature-length story, this wine.","94 Points","Jun26","12.5%","$169","Cork","2026","2033+","2026  - 2033+","Burgundy | pinot noir","https://www.winefront.com.au/category/regions/france/burgundy/ | https://www.winefront.com.au/category/grapes/pinot-noir/","http://alinebeaune.fr/","https://www.winefront.com.au/aline-beaune-santenay-1er-cru-beaurepaire-2022/","0 Comments","https://www.winefront.com.au/wp-content/uploads/2026/07/Screenshot-2026-07-25-at-2.49.56-pm-100x300.png","Rated : 94 Points
Tasted : Jun26
Alcohol : 12.5%
Price : $169
Closure : Cork
Drink : 2026  - 2033+","3","https://www.winefront.com.au/author/kasia/page/3/"
"153412","Kasia Sobiesiak","Quealy Halarah Pinot Noir 2024","09 July 2026","Almost every day, before or after I taste wines, or just before or after I post the reviews, I run a conversation in my head about the objectivity of things and the silliness of the work that I do, but in fact love doing. It’s a dialogue, perhaps; I take into account all the arguments about tasting wines blind, to remove any bias, but then actually how to tell the story if it’s all blind, because isn’t the context the most important thing about wine? The people, the place, the motive? Anyway, I think I just wanted it to be known that I go through this every single time: the duality of things, the existential crisis of a tortured wine taster trapped in a material world trying to communicate the spiritual (don’t pity me, it’s a cool job). So, about this wine, I pondered on it, in the ‘biased context’ over two days. I actually do that with many of the wines that I taste: give them time, give them air, second chance, trying to understand the background and what the artist wanted to communicate… Rant over.

Day 1: First up, a whack of black olive tapenade; there’s definitely a vibration of green olive here too, leafy-stemmy notes (fully destemmed wine) and a woody bitterness. It has some compelling perfume that changes and improves with air exposure and time, but it’s quite a sour-savoury expression, perhaps a bit lean and feels ‘bunchy’, although it’s not. I’m baffled. 89 points

Day 2: Given a second day chance, as it was bothering me. Still peculiar. Lots of savoury, slightly vegetal tones, wet forest, moss on stones, fresh woody spice, pine needle resin, dark amaro bitterness; this can be a difficult wine, edgy, moody, quinine-driven. But now, it’s intriguing, compelling. Has a character and made me stop; this must count for something in the AI era. Maybe needed time. Who doesn’t. 92 points","92 Points","May26","13.2%","$44","Screwcap","2027","2030+","2027  - 2030+","Mornington Peninsula | pinot noir","https://www.winefront.com.au/category/regions/australia/victoria/mornington-peninsula/ | https://www.winefront.com.au/category/grapes/pinot-noir/","http://quealy.com.au/","https://www.winefront.com.au/quealy-halarah-pinot-noir-2024/","1 Comment","https://www.winefront.com.au/wp-content/uploads/2026/07/Screenshot-2026-07-09-at-1.27.50%E2%80%AFpm-155x300.png","Rated : 92 Points
Tasted : May26
Alcohol : 13.2%
Price : $44
Closure : Screwcap
Drink : 2027  - 2030+","3","https://www.winefront.com.au/author/kasia/page/3/"
"153410","Kasia Sobiesiak","Quealy Tussie Mussie Pinot Noir 2024","09 July 2026","Quite spicy and nutty tones on the nose, black olive, pomegranate, with a light lift à la wood varnish (positive). The palate is smooth in the tannins department, perhaps glossy even. Finish a touch warm but happily marked with lifted pomegranate bitterness. It has some good elements but feels a little angular in some parts.","90+ Points","May26","13.8%","$44","Screwcap","2027","2032","2027  - 2032","Mornington Peninsula | pinot noir","https://www.winefront.com.au/category/regions/australia/victoria/mornington-peninsula/ | https://www.winefront.com.au/category/grapes/pinot-noir/","http://www.quealy.com.au/","https://www.winefront.com.au/quealy-tussie-mussie-pinot-noir-2024/","0 Comments","https://www.winefront.com.au/wp-content/uploads/2026/07/Quealy_Tussie-Mussie-Pinot-Noir_Resupply-640-295x1024-1-86x300.jpg","Rated : 90+ Points
Tasted : May26
Alcohol : 13.8%
Price : $44
Closure : Screwcap
Drink : 2027  - 2032","3","https://www.winefront.com.au/author/kasia/page/3/"
"153408","Kasia Sobiesiak","Quealy Seventeen Rows Pinot Noir 2024","09 July 2026","Serious start. There’s dark chocolate here and green coffee bean, ripe black cherries and spices, a hint of wood varnish, bitter-sweet mint and an interesting pink grapefruit finish. It’s the bitterness and the perfume that trigger the senses. You sink into the ripeness and darkness here, which continues with aromatic smoke, cherry wood and bitter herb extract. More integrated the second day, woody, spicy, dark chocolate and bitter almond, pomegranate and that bitter sage extract.","93+ Points","May26","13.9%","$75","Screwcap","2027","2034+","2027  - 2034+","Mornington Peninsula | pinot noir","https://www.winefront.com.au/category/regions/australia/victoria/mornington-peninsula/ | https://www.winefront.com.au/category/grapes/pinot-noir/","http://quealy.com.au/","https://www.winefront.com.au/quealy-seventeen-rows-pinot-noir-2024/","0 Comments","https://www.winefront.com.au/wp-content/uploads/2026/07/quealy-17-rows-86x300.jpeg","Rated : 93+ Points
Tasted : May26
Alcohol : 13.9%
Price : $75
Closure : Screwcap
Drink : 2027  - 2034+","3","https://www.winefront.com.au/author/kasia/page/3/"
"153336","Kasia Sobiesiak","Jérôme Arnoux Révélation Pinot Noir 2021","04 July 2026","Importer: Ethereal Wines

This is very good, very Pinot Noir. Ripe strawberry base, mostly found in flavour, very clearly defined, but there’s so much to unpack in aromas. Fruit—yes, in the background, less important? Also yes. It’s all about the perfume: roses, petrichor, fresh button mushrooms, wet earth, garden herbs, red apple skin, forest after rain, romance…?! Yes. And then again, mid palate sweetness of summer strawberries lifted in the end with blood orange twist and fine pumice stone tannins to tie it all in structure. Delicious.","95 Points","Jul26","13%","$109","Cork","2026","2036+","2026  - 2036+","Jura | pinot noir","https://www.winefront.com.au/category/regions/france/jura/ | https://www.winefront.com.au/category/grapes/pinot-noir/","","https://www.winefront.com.au/jerome-arnoux-revelation-pinot-noir-2021/","1 Comment","https://www.winefront.com.au/wp-content/uploads/2026/07/Jerome-Arnoux-Revelation-Pinot-Noir-e1783401320626-117x300.jpg","Rated : 95 Points
Tasted : Jul26
Alcohol : 13%
Price : $109
Closure : Cork
Drink : 2026  - 2036+","3","https://www.winefront.com.au/author/kasia/page/3/"
"153333","Kasia Sobiesiak","Greywacke Pinot Noir 2023","04 July 2026","Importer: Saint Wine

This is ripe and expressive, bouncy, with black cherry and smoked meat, fresh herbs, sour blackberry, coffee bean and mint leaf. Tannins are fine and chewy; the aftertaste is juicy and spicy. Plenty of flavour and life in this wine. Very taste-bud-engaging.","93 Points","Jul26","13%","$55","Screwcap","2027","2035","2027  - 2035","Marlborough | pinot noir","https://www.winefront.com.au/category/regions/nz/marlborough/ | https://www.winefront.com.au/category/grapes/pinot-noir/","http://www.greywacke.com/","https://www.winefront.com.au/greywacke-pinot-noir-2023/","0 Comments","https://www.winefront.com.au/wp-content/uploads/2026/07/Greywacke-PN-85x300.jpg","Rated : 93 Points
Tasted : Jul26
Alcohol : 13%
Price : $55
Closure : Screwcap
Drink : 2027  - 2035","3","https://www.winefront.com.au/author/kasia/page/3/"
"153331","Kasia Sobiesiak","Handpicked Wombat Creek Vineyard Pinot Noir 2024","04 July 2026","This is a powerful Pinot. It shows its strength from the beginning: bursting aromas of polished black cherries and red plums all stacked up in perfect piles, wet bark and charry oak, quite turned up on the toast and aromatic spice, nutmeg, star anise, bitter sage. It’s all quite dry, ripe but dry, with a sour-bitter theme. Tannins are structured and ferrous. It’s a serious Pinot, all elegant and fancy.","93 Points","Jul26","12.9%","$100","Screwcap","2027","2032","2027  - 2032","pinot noir | Yarra Valley","https://www.winefront.com.au/category/grapes/pinot-noir/ | https://www.winefront.com.au/category/regions/australia/victoria/yarra-valley/","http://www.handpickedwines.com.au/","https://www.winefront.com.au/handpicked-wombat-creek-vineyard-pinot-noir-2024/","0 Comments","https://www.winefront.com.au/wp-content/uploads/2026/07/1000003309-HPVI-YWPTNOIR-1-e1668580619861-417x1024-1-122x300.png","Rated : 93 Points
Tasted : Jul26
Alcohol : 12.9%
Price : $100
Closure : Screwcap
Drink : 2027  - 2032","3","https://www.winefront.com.au/author/kasia/page/3/"
"153329","Kasia Sobiesiak","La Violetta Penury 2024","04 July 2026","Freshness and ripeness come to mind and to senses, which isn’t a bad combination. Black cherries and blueberries. The fruit comes forward on the nose but then the flavours take your tongue hostage with spice and a quite bitter-amaro-like drive. A note of flint, smoke, bitter herbs, cinnamon and black pepper note with sage and a quinine-like aftertaste. Then, wet chalk tannic stop on the palate. It’s textural, it’s spicy, bright and dark at once. There’s liveliness in this moodiness that will lure you in. Characterful wine.","93 Points","Jul26","12.9%","$42","Screwcap","2026","2032","2026  - 2032","Great Southern | pinot noir","https://www.winefront.com.au/category/regions/australia/western-australia/great-southern/ | https://www.winefront.com.au/category/grapes/pinot-noir/","http://lavioletta.com.au/","https://www.winefront.com.au/la-violetta-penury-2024/","0 Comments","https://www.winefront.com.au/wp-content/uploads/2026/07/La-Violetta-Penury-Pinot-Noir-2018-98x300.jpg","Rated : 93 Points
Tasted : Jul26
Alcohol : 12.9%
Price : $42
Closure : Screwcap
Drink : 2026  - 2032","3","https://www.winefront.com.au/author/kasia/page/3/"
"153196","Kasia Sobiesiak","Howard Park Sauvignon Blanc 2025","28 June 2026","Grapefruit, mint, raw cashews and wet stones set the tone on the nose here, but it’s all about that lemon-lime, zingy, steely acidity line on the palate. Some extra notes of tarragon, nettle and pineapple skin leap out of the glass, too. Very fresh wine, well made, varietal, satisfactory.","92 Points","Jun26","12.5%","$33","Screwcap","2026","2030","2026  - 2030","sauv blanc et al | Western Australia","https://www.winefront.com.au/category/grapes/sauv-blanc-et-al/ | https://www.winefront.com.au/category/regions/australia/western-australia/","http://www.burchfamilywines.com.au/","https://www.winefront.com.au/howard-park-sauvignon-blanc-2025/","0 Comments","https://www.winefront.com.au/wp-content/uploads/2026/06/howard-park-sauvignon-blanc-72x300-1-1.png","Rated : 92 Points
Tasted : Jun26
Alcohol : 12.5%
Price : $33
Closure : Screwcap
Drink : 2026  - 2030","3","https://www.winefront.com.au/author/kasia/page/3/"
"153194","Kasia Sobiesiak","Pig In The House Organic Sauvignon Blanc 2026","28 June 2026","Gentle start with gooseberries and green apple, elderflower and mint. Light body, more gooseberry, crunchy green grapes and sweet lime, a hint of bitterness and good acid to balance. All in all, easy and very approachable.","89 Points","Jun26","12%","$20","Screwcap","2026","2027","2026  - 2027","Central Ranges | sauv blanc et al","https://www.winefront.com.au/category/regions/australia/new-south-wales/central-ranges/ | https://www.winefront.com.au/category/grapes/sauv-blanc-et-al/","http://www.piginthehouse.com.au/","https://www.winefront.com.au/pig-in-the-house-organic-sauvignon-blanc-2026/","0 Comments","https://www.winefront.com.au/wp-content/uploads/2026/06/Screenshot-2026-01-15-at-7.48.45%E2%80%AFpm-121x300.png","Rated : 89 Points
Tasted : Jun26
Alcohol : 12%
Price : $20
Closure : Screwcap
Drink : 2026  - 2027","3","https://www.winefront.com.au/author/kasia/page/3/"
"153191","Kasia Sobiesiak","La Violetta FAV 2024","28 June 2026","Fav is Vermentino.

Green melon and green almond, salted pistachios, white peach and fresh herbs. But wait, there’s more to it than just the surface fruitiness and nuttiness; a depth of texture, layers, subtle creamy complexity, almond cream with a dusting of nutmeg and a phenolic traction, yet the flow is brisk and light in a way. Lovely wine.","94 Points","Jun26","12%","$36","Screwcap","2026","2032","2026  - 2032","Frankland River | other whites | Tip Top Tipple | Top Value","https://www.winefront.com.au/category/regions/australia/western-australia/great-southern/frankland-river/ | https://www.winefront.com.au/category/grapes/other-whites/ | https://www.winefront.com.au/category/top-wines/tip-top-tipple/ | https://www.winefront.com.au/category/top-wines/top-value/","http://lavioletta.com.au/","https://www.winefront.com.au/la-violetta-fav-2024/","3 Comments","https://www.winefront.com.au/wp-content/uploads/2026/06/Screenshot-2026-06-28-at-4.32.29%E2%80%AFpm-146x300.png","Rated : 94 Points
Tasted : Jun26
Alcohol : 12%
Price : $36
Closure : Screwcap
Drink : 2026  - 2032","3","https://www.winefront.com.au/author/kasia/page/3/"
"153189","Kasia Sobiesiak","Château de Mérande Le Grand Blanc 2023","28 June 2026","Another Roussanne sent my way, but well, why not, I’m happy. Importer: Ethereal Wines

There it is, the abundance of medicinal herbs and spices, garrigue, quince, honey, crushed fennel and coriander seeds bound in one. Teasing with golden colour, richness on the nose, ripe fruit, sweet scents of baked apples and cloves, it is surprisingly fresh and crisp on the palate, with raw ginger, lime, green apple, smoked salt and a bitter-spicy crunch of rucola leaf in the finish. Great contrast, it’s a rocket!","94 Points","Jun26","12.5%","$78","Cork","2026","2033","2026  - 2033","other whites | Savoie","https://www.winefront.com.au/category/grapes/other-whites/ | https://www.winefront.com.au/category/regions/france/savoie/","","https://www.winefront.com.au/chateau-de-merande-le-grand-blanc-2023/","0 Comments","https://www.winefront.com.au/wp-content/uploads/2026/06/legrandb-110x300.png","Rated : 94 Points
Tasted : Jun26
Alcohol : 12.5%
Price : $78
Closure : Cork
Drink : 2026  - 2033","3","https://www.winefront.com.au/author/kasia/page/3/"
"153976","Kasia Sobiesiak","Edenflo Candy Lane 2024","27 June 2026","Winemaking notes from the website: 40% Gewurtztraminer destemed over 40% whole bunch Pinot Noir – macerated for four days before… Gently pressing to ferment & settle in tank. […] then judiciously blended in small parts of Mourvèdre, Grenache, Tempranillo, Semillion & Syrah.

Garden berries and crushed leaves; there’s a vibrant perfume with sour tones and juiciness here. Crunch and raspberry candy. Joyful and fresh, zingy and energetic, definitely asking for a little chill.","91 Points","Jun26","12.6%","$27","Cork","2026","2027","2026  - 2027","Barossa Valley | Gewurztraminer | grenache et al | pinot noir | viognier et al","https://www.winefront.com.au/category/regions/australia/south-australia/barossa-valley/ | https://www.winefront.com.au/category/grapes/gewurztraminer/ | https://www.winefront.com.au/category/grapes/grenache-et-al/ | https://www.winefront.com.au/category/grapes/pinot-noir/ | https://www.winefront.com.au/category/grapes/viognier-et-al/","http://edenflowines.com.au/","https://www.winefront.com.au/edenflo-candy-lane-2024/","0 Comments","","Rated : 91 Points
Tasted : Jun26
Alcohol : 12.6%
Price : $27
Closure : Cork
Drink : 2026  - 2027","4","https://www.winefront.com.au/author/kasia/page/4/"
"153187","Kasia Sobiesiak","Pacha Mama Shiraz 2025","27 June 2026","Purple colour, purple aromas and purple flavours too. Consistent. It’s very appealing with its vibrancy, chewy skins, plumminess, and dark chocolate tannins. Pretty and fresh, structured and very perky in the mouth.","91 Points","Mar26","14.5%","$30","Screwcap","2026","2030","2026  - 2030","Heathcote | shiraz et al","https://www.winefront.com.au/category/regions/australia/victoria/heathcote/ | https://www.winefront.com.au/category/grapes/shiraz-et-al/","http://www.pachamamawines.com.au/","https://www.winefront.com.au/pacha-mama-shiraz-2025/","0 Comments","https://www.winefront.com.au/wp-content/uploads/2026/06/Screenshot-2026-06-27-at-3.15.33%E2%80%AFpm-156x300.png","Rated : 91 Points
Tasted : Mar26
Alcohol : 14.5%
Price : $30
Closure : Screwcap
Drink : 2026  - 2030","4","https://www.winefront.com.au/author/kasia/page/4/"
"153183","Kasia Sobiesiak","Pig in the House Cabernet Sauvignon 2024","27 June 2026","Leafy tones, slate, some forward fruity sweetness, cinnamon spice, red plum. Light to medium-bodied, easy-going wine.","87 Points","Mar26","14%","$25","Screwcap","2026","2027","2026  - 2027","cabernet et al | Central Ranges | organic","https://www.winefront.com.au/category/grapes/cabernet-et-al/ | https://www.winefront.com.au/category/regions/australia/new-south-wales/central-ranges/ | https://www.winefront.com.au/category/grapes/organic/","http://www.piginthehouse.com.au/","https://www.winefront.com.au/pig-in-the-house-cabernet-sauvignon-2024/","0 Comments","https://www.winefront.com.au/wp-content/uploads/2026/06/Screenshot-2026-06-27-at-2.16.19%E2%80%AFpm-145x300.png","Rated : 87 Points
Tasted : Mar26
Alcohol : 14%
Price : $25
Closure : Screwcap
Drink : 2026  - 2027","4","https://www.winefront.com.au/author/kasia/page/4/"
"153161","Kasia Sobiesiak","Rewild Cabernet Sauvignon 2025","26 June 2026","Bubblegummy profile, a bit carbonic in other words, blueberry and sweet currants, easy on the palate, very soft and juicy, juby, sweet fruited, with a hint of mint top note, more so as a tea tree in flavour. Lightweight, inoffensive simplicity, but for the price, it does the job.","86 Points","Apr26","13.5%","$10","Screwcap","2026","2027","2026  - 2027","cabernet et al | Murray Darling","https://www.winefront.com.au/category/grapes/cabernet-et-al/ | https://www.winefront.com.au/category/regions/australia/south-eastern-australia/murray-darling/","http://www.rewildwine.com.au/","https://www.winefront.com.au/rewild-cabernet-sauvignon-2025/","1 Comment","https://www.winefront.com.au/wp-content/uploads/2026/06/Screenshot-2026-06-26-at-1.17.39%E2%80%AFpm-122x300.png","Rated : 86 Points
Tasted : Apr26
Alcohol : 13.5%
Price : $10
Closure : Screwcap
Drink : 2026  - 2027","4","https://www.winefront.com.au/author/kasia/page/4/"
"153159","Kasia Sobiesiak","Edenflo Mezzanine 2024","26 June 2026","A regional blend.

Pretty punchy start, ripe berry perfume, with sweet plums coming forward and a glossy mouthfeel. The fruit is a bit stewed, with red liquorice lolly and a pinch of warming spice, but it works as a whole, and has enough appeal to be enjoyed as a glass or two.","89 Points","Apr26","14%","$25","Screwcap","2026","2028","2026  - 2028","Barossa Valley | Clare Valley | Eden Valley | grenache et al | pinot noir | shiraz et al","https://www.winefront.com.au/category/regions/australia/south-australia/barossa-valley/ | https://www.winefront.com.au/category/regions/australia/south-australia/clare-valley/ | https://www.winefront.com.au/category/regions/australia/south-australia/eden-valley/ | https://www.winefront.com.au/category/grapes/grenache-et-al/ | https://www.winefront.com.au/category/grapes/pinot-noir/ | https://www.winefront.com.au/category/grapes/shiraz-et-al/","http://www.edenflowines.com.au/","https://www.winefront.com.au/edenflo-mezzanine-2024/","0 Comments","https://www.winefront.com.au/wp-content/uploads/2026/06/edenmz-86x300.png","Rated : 89 Points
Tasted : Apr26
Alcohol : 14%
Price : $25
Closure : Screwcap
Drink : 2026  - 2028","4","https://www.winefront.com.au/author/kasia/page/4/"
"153154","Kasia Sobiesiak","Foreign Friends Hilma Barbera 2025","26 June 2026","Review lost in translation, aka pile of notes, but here we are. Girls from Foreign Friends are being noticed (shortlisted as the finalists for Best New Winery by HWC 2027) happy for them.

Violets and sour blackberries, purple mulberries, bloody-meaty note and a cherry-almond crunch. Garden herbs such as fresh fennel and tarragon are in the play too. Very pretty wine, evolving in the glass, with structure, very alpine-fresh, vibrant red. Feels honest and true to the piemontese blueprint.","93 Points","Apr26","13.5%","$37","Diam","2026","2030","2026  - 2030","King Valley | other reds","https://www.winefront.com.au/category/regions/australia/victoria/king-valley/ | https://www.winefront.com.au/category/grapes/other-reds/","http://foreignfriends.com.au/","https://www.winefront.com.au/foreign-friends-hilma-barbera-2025/","3 Comments","https://www.winefront.com.au/wp-content/uploads/2026/06/Screenshot-2026-06-26-at-12.46.18%E2%80%AFpm-168x300.png","Rated : 93 Points
Tasted : Apr26
Alcohol : 13.5%
Price : $37
Closure : Diam
Drink : 2026  - 2030","4","https://www.winefront.com.au/author/kasia/page/4/"
"153149","Kasia Sobiesiak","Pizzini Il Barone 2022","26 June 2026","Cabernet Sauvignon, Shiraz, Sangiovese, Nebbiolo. Super Australian?

Inviting perfume. Purple flowers, leafy notes, dried soil, solid base of black currants and mulberries, and some fresh leather. There’s vibrancy in the aromas and flavours. The palate feels leaner and tighter than the nose but with depth of fine tannins, stony texture, sour cherries and red currants acid line. It has the ripeness of fruit but also savoury freshness and satisfying finish.","93 Points","Mar26","13.8%","$65","Screwcap","2026","2032","2026  - 2032","cabernet et al | King Valley","https://www.winefront.com.au/category/grapes/cabernet-et-al/ | https://www.winefront.com.au/category/regions/australia/victoria/king-valley/","http://www.pizzini.com.au/","https://www.winefront.com.au/pizzini-il-barone-2022/","3 Comments","https://www.winefront.com.au/wp-content/uploads/2026/06/Screenshot-2026-06-26-at-11.44.32%E2%80%AFam-162x300.png","Rated : 93 Points
Tasted : Mar26
Alcohol : 13.8%
Price : $65
Closure : Screwcap
Drink : 2026  - 2032","4","https://www.winefront.com.au/author/kasia/page/4/"
"152970","Kasia Sobiesiak","Mount Pleasant Mothervine Pinot Noir 2025","12 June 2026","Part of this Pinot’s DNA material floats in Mount Henry and I must say, that the 1921 Pinot is a powerful component; weirdly, Shiraz seems to lift it in MH. I don’t see that ‘lift’ in this OG MV. Rather, it’s quite ripe, dark and structured.

Blue and black fruit. The core of this wine is quite ripe and sweet, concentrated, no doubt, the exterior is serious, both in aromas and flavours. Notes of cedar, dark chocolate, iron, sage, mint and black pepper. There’s spicy traction here and texture, but tannins are fine and the flow is glossy. The wine is kinda meaty and bloody upfront, too, with a softer finish of a poached strawberry and red plum dipped in rum. I suppose it’s the expression of old vines’ flavour amplified via warmth.","93 Points","Jun26","13.5%","$80","Screwcap","2027","2035","2027  - 2035","Hunter Valley | pinot noir","https://www.winefront.com.au/category/regions/australia/new-south-wales/hunter-valley/ | https://www.winefront.com.au/category/grapes/pinot-noir/","http://www.mountpleasantwines.com.au/","https://www.winefront.com.au/mount-pleasant-mothervine-pinot-noir-2025/","3 Comments","https://www.winefront.com.au/wp-content/uploads/2026/06/2025-Mount-Pleasant-Mothervine-Pinot-Noir-LR-104x300.png","Rated : 93 Points
Tasted : Jun26
Alcohol : 13.5%
Price : $80
Closure : Screwcap
Drink : 2027  - 2035","4","https://www.winefront.com.au/author/kasia/page/4/"
"152967","Kasia Sobiesiak","Mount Pleasant Mount Henry Shiraz Pinot Noir 2025","12 June 2026","Just noticed, Mount Henry’s climbing up the premium price tag ladder. In this rhythm, next year it will be double its 2021/23 price. I still have a soft spot for it, maybe because I will get it for free anyway (or maybe not anymore after this post). Anyway, tomorrow is Maurice O’Shea’s birthday and the release of MP’s icons. Cheers! 73% Shiraz from Rosehill 1946 vines and 27% Pinot Noir Mothervine 1921 plantings.

Shiraz in Pinot disguise. Seemingly light and delicate, but it has depth and concentration. Beautiful, vibrant colour and perfume. Sweet forest berries, raspberries, some blue, some black too. Aromas are bright, with light shining through, but flavours are dark, deep and spicy. It’s a sunny day in a damp forest. There’s wet bark, rose potpourri here, cherry wood, mint tea, black liquorice, and a medicinal edge to it all, with a bit of iron-like aftertaste. I feel the detail is coming in with time, with air. Let it be in the glass, give it time and say what you will, these two can go together very well, the Shiraz and the Pinot Noir.","94 Points","Jun26","13.5%","$70","Screwcap","2026","2035","2026  - 2035","Hunter Valley | pinot noir | shiraz et al","https://www.winefront.com.au/category/regions/australia/new-south-wales/hunter-valley/ | https://www.winefront.com.au/category/grapes/pinot-noir/ | https://www.winefront.com.au/category/grapes/shiraz-et-al/","http://www.mountpleasantwines.com.au/","https://www.winefront.com.au/mount-pleasant-mount-henry-shiraz-pinot-noir-2025/","9 Comments","https://www.winefront.com.au/wp-content/uploads/2026/06/2025-Mount-Pleasant-Mount-Henry-Shiraz-Pinot-LR-95x300.png","Rated : 94 Points
Tasted : Jun26
Alcohol : 13.5%
Price : $70
Closure : Screwcap
Drink : 2026  - 2035","4","https://www.winefront.com.au/author/kasia/page/4/"
"152965","Kasia Sobiesiak","Mount Pleasant Lovedale Vineyard Cellar Aged Semillon 2021","12 June 2026","As indicated by Mike in one of the previous releases, “Cellar Aged” will disappear, but for now, we are in the retrospective of things, so still here. Incredibly heavy bottle too, also am told, one-off thing. Good. This is a current release (from tomorrow 13/06/26). “Cellard Aged” is the same wine as the “regular” Lovedale; both are 1946 vines.

What a different animal this is from the young 2026 release. Same vines. Different vibes. Here, lemon butter, wet wool, honey on toast with a green apple, ripe mango skin, sweet citrus base and a salty edge. The palate is tense and soft at the same time, cushions the tongue, but then the whole mouth is salivating, pierced by high acidity. This wine is a liquid satisfaction, with impactful depth and lightness of touch, hand in hand. For the impatient.","95 Points","Jun26","11%","$100","Screwcap","2026","2040","2026  - 2040","Hunter Valley | semillon et al","https://www.winefront.com.au/category/regions/australia/new-south-wales/hunter-valley/ | https://www.winefront.com.au/category/grapes/semillon-et-al/","http://www.mountpleasantwines.com.au/","https://www.winefront.com.au/mount-pleasant-lovedale-vineyard-cellar-aged-semillon-2021/","2 Comments","https://www.winefront.com.au/wp-content/uploads/2026/06/2021-Mount-Pleasant-Lovedale-Semillon-LR-113x300.png","Rated : 95 Points
Tasted : Jun26
Alcohol : 11%
Price : $100
Closure : Screwcap
Drink : 2026  - 2040","4","https://www.winefront.com.au/author/kasia/page/4/"
"152963","Kasia Sobiesiak","Mount Pleasant Lovedale Vineyard Semillon 2026","12 June 2026","Lately, I’ve been tasting very technically for the exams, and under time pressure, I also wasn’t paid for those tastings; in fact, I spent money to be tortured… anyway, it may be that some of the stiffness of technicalities will spill over, here and there. Hunter Valley Semillon is one of those “examinable” wines. Idiosyncratic expression from a subtropical climate, landing at a fairly low alcohol, unique in the world. Release in September, and only available at the cellar door.

This is as fresh as it gets. Very floral wine, fresh laundry in the best sense imaginable, jasmine, fresh mint, waxy skin of a lemon. Something almost tropical, too, melon skin, green papaya, lemongrass. Light, crisp and breezy on the palate. Development of those magical tertiary characters slowly in the making, but for now freshness to the brim and more.","94+ Points","Jun26","11%","$75","Screwcap","2030","2040","2030  - 2040","Hunter Valley | semillon et al","https://www.winefront.com.au/category/regions/australia/new-south-wales/hunter-valley/ | https://www.winefront.com.au/category/grapes/semillon-et-al/","http://www.mountpleasantwines.com.au/","https://www.winefront.com.au/mount-pleasant-lovedale-vineyard-semillon-2026/","3 Comments","https://www.winefront.com.au/wp-content/uploads/2026/06/2026-Mount-Pleasant-Lovedale-Semillon-LR-105x300.png","Rated : 94+ Points
Tasted : Jun26
Alcohol : 11%
Price : $75
Closure : Screwcap
Drink : 2030  - 2040","4","https://www.winefront.com.au/author/kasia/page/4/"
"152663","Kasia Sobiesiak","Michael Hall Sauvignon Blanc 2025","22 May 2026","This continues to be an elegant, cool climate expression of SB. Yet to be released. Soon.

This is a vivid wine with vibrant aromatics and a silky, yoghurty palate, plenty of flavour, golden kiwi, lemongrass, jasmine and elderflower involved too. It’s smooth with plenty of cooling freshness in the form of icy acidity but balancing fruit weight and texture. Joy of refreshment and a very graceful expression.","93 Points","May26","13.4%","$38","Screwcap","2026","2029","2026  - 2029","Adelaide Hills | sauv blanc et al","https://www.winefront.com.au/category/regions/australia/south-australia/adelaide-hills/ | https://www.winefront.com.au/category/grapes/sauv-blanc-et-al/","http://michaelhallwines.com/","https://www.winefront.com.au/michael-hall-sauvignon-blanc-2025/","1 Comment","https://www.winefront.com.au/wp-content/uploads/2026/05/22MHSBHiRes-100x300.jpg","Rated : 93 Points
Tasted : May26
Alcohol : 13.4%
Price : $38
Closure : Screwcap
Drink : 2026  - 2029","4","https://www.winefront.com.au/author/kasia/page/4/"
"152661","Kasia Sobiesiak","Foreign Friends Anna Gamay 2025","22 May 2026","Quick note. Something to enjoy with no worries. A fruity, crunchy number. Sweet berry nose, spiced plum and blueberry tart. Finishing with a bitter-tart note of pomegranate and black cherry. Medium-bodied and super nice to sip on. And on. And on.","91 Points","May26","14%","$42","Diam","2026","2028","2026  - 2028","other reds | Yarra Valley","https://www.winefront.com.au/category/grapes/other-reds/ | https://www.winefront.com.au/category/regions/australia/victoria/yarra-valley/","http://foreignfriends.com.au/","https://www.winefront.com.au/foreign-friends-anna-gamay-2025/","0 Comments","https://www.winefront.com.au/wp-content/uploads/2026/05/Screenshot-2026-05-22-at-6.43.06%E2%80%AFpm-139x300.png","Rated : 91 Points
Tasted : May26
Alcohol : 14%
Price : $42
Closure : Diam
Drink : 2026  - 2028","4","https://www.winefront.com.au/author/kasia/page/4/"
"152659","Kasia Sobiesiak","Foreign Friends Alice Chenin Blanc 2025","22 May 2026","Not many professional spaces give freedom for a personal rant, but well, TWF is just the one (thanks for being a good example, Gary). So here comes. I have neglected TWF for a little while, mea culpa. In my defence, I’ve been deeply submerged in the Master of Wine exam preparation. I can only hope that all this study will be/is useful in some/any capacity to the wine industry, now, soon or any time in the future… But I haven’t forgotten you, and still love TWF! Pardon a personal note ahead of your lovely wine, Foreign Friends. Here, in front of me, Chenin Blanc – another “stamp” in the tasty wine collection.

This is sleek and crunchy. Notes of green apple, brine, wet slate, a hint of baked ricotta but it’s all pretty savoury, spicy, drizzled with bitter honey, seasoned with crushed cumin and warming ginger. The setting is thirst-quenching with high acid, crystalline flow, pinching traction in the back, leaving a strong flavour memory on the tongue. Detailed, fresh, precise, and easy to enjoy.","94 Points","May26","12.8%","$42","Diam","2026","2032","2026  - 2032","King Valley | other whites | Tip Top Tipple","https://www.winefront.com.au/category/regions/australia/victoria/king-valley/ | https://www.winefront.com.au/category/grapes/other-whites/ | https://www.winefront.com.au/category/top-wines/tip-top-tipple/","http://foreignfriends.com.au/","https://www.winefront.com.au/foreign-friends-alice-chenin-blanc-2025/","11 Comments","https://www.winefront.com.au/wp-content/uploads/2026/05/Screenshot-2026-05-22-at-5.25.39%E2%80%AFpm-181x300.png","Rated : 94 Points
Tasted : May26
Alcohol : 12.8%
Price : $42
Closure : Diam
Drink : 2026  - 2032","4","https://www.winefront.com.au/author/kasia/page/4/"
"153186","Kasia Sobiesiak","Pig In The House Shiraz 2023","27 April 2026","Interestingly, I think a lighter, fruitier take works slightly better for Shiraz than for Cabernet Sauvignon.

Smells nice. Sweet berries, some herbs, some spice: mint, cinnamon and black pepper. Medium-bodied red. All in place, cheerfully aligned.","88 Points","Mar26","14%","$25","Screwcap","2026","2028","2026  - 2028","Central Ranges | shiraz et al","https://www.winefront.com.au/category/regions/australia/new-south-wales/central-ranges/ | https://www.winefront.com.au/category/grapes/shiraz-et-al/","http://www.piginthehouse.com.au/","https://www.winefront.com.au/pig-in-the-house-shiraz-2023/","0 Comments","","Rated : 88 Points
Tasted : Mar26
Alcohol : 14%
Price : $25
Closure : Screwcap
Drink : 2026  - 2028","4","https://www.winefront.com.au/author/kasia/page/4/"
"153185","Kasia Sobiesiak","Jericho Bracken Vineyard Shiraz 2023","27 April 2026","Serious start, fancy oak, vanilla and mulberries, cedarwood and leather, freshly pinch of freshly cracked pepper, coffee finish, structured but fine tannins. Driving with flavour and numbing herbs and spices. Fine, rich but elegant style.","93 Points","Mar26","14.5%","$42","Screwcap","2027","2033+","2027  - 2033+","McLaren Vale | shiraz et al","https://www.winefront.com.au/category/regions/australia/south-australia/mclaren-vale/ | https://www.winefront.com.au/category/grapes/shiraz-et-al/","http://www.jerichowines.com.au/","https://www.winefront.com.au/jericho-bracken-vineyard-shiraz-2023/","0 Comments","","Rated : 93 Points
Tasted : Mar26
Alcohol : 14.5%
Price : $42
Closure : Screwcap
Drink : 2027  - 2033+","4","https://www.winefront.com.au/author/kasia/page/4/"
"153142","Kasia Sobiesiak","Marchand & Burch Village Pinot Noir 2024","25 April 2026","Smoky berries, cherries and aromatic cedar wood. It’s a ripe Pinot showing some plummy depth of flavour and a hint of bitter amaro top note. It’s all glossy, with a cherry-cola appeal, spicy, a bit predictable in a way, but nicely made and so easy to like.","91 Points","Mar26","13.5%","$50","Screwcap","2026","2030","2026  - 2030","pinot noir | Western Australia","https://www.winefront.com.au/category/grapes/pinot-noir/ | https://www.winefront.com.au/category/regions/australia/western-australia/","http://www.burchfamilywines.com.au/%E2%80%8E","https://www.winefront.com.au/marchand-burch-village-pinot-noir-2024/","0 Comments","","Rated : 91 Points
Tasted : Mar26
Alcohol : 13.5%
Price : $50
Closure : Screwcap
Drink : 2026  - 2030","4","https://www.winefront.com.au/author/kasia/page/4/"
"153141","Kasia Sobiesiak","Handpicked Collection Mornington Peninsula Chardonnay 2023","25 April 2026","Flint and dusty hay, rolled oats, bitter citrus, apple, spice and quince with ginger. The wine is quite rich but elegant and balanced. There’s something nostalgic about it and autumnal, with an overarching crisp, cool freshness but also cuddliness.","93 Points","Mar26","12.9%","$60","Screwcap","2026","2033","2026  - 2033","chardonnay | Mornington Peninsula","https://www.winefront.com.au/category/grapes/chardonnay/ | https://www.winefront.com.au/category/regions/australia/victoria/mornington-peninsula/","http://www.handpickedwines.com.au/","https://www.winefront.com.au/handpicked-collection-mornington-peninsula-chardonnay-2023/","0 Comments","","Rated : 93 Points
Tasted : Mar26
Alcohol : 12.9%
Price : $60
Closure : Screwcap
Drink : 2026  - 2033","4","https://www.winefront.com.au/author/kasia/page/4/"
"153135","Kasia Sobiesiak","Handpicked Collection Tasmania Chardonnay 2023","25 April 2026","Vanilla curd, lemon tart topped with meringue and a drizzle of passionfruit tropicana note. The flow is glossy, slippery, led by grapefruit, quality oak, pristine fruit, flint, with spice and toasty, nutty aftertaste. Lots of freshness and fanciness all round.","92 Points","Mar26","12.5%","$60","Screwcap","2026","2029","2026  - 2029","chardonnay | Tasmania","https://www.winefront.com.au/category/grapes/chardonnay/ | https://www.winefront.com.au/category/regions/australia/tasmania/","http://www.handpickedwines.com.au/","https://www.winefront.com.au/handpicked-collection-tasmania-chardonnay-2023/","0 Comments","","Rated : 92 Points
Tasted : Mar26
Alcohol : 12.5%
Price : $60
Closure : Screwcap
Drink : 2026  - 2029","4","https://www.winefront.com.au/author/kasia/page/4/"
"153133","Kasia Sobiesiak","Harewood Estate Chardonnay 2024","25 April 2026","Punchy start, baked pineapple, pineapple skin, lime tart with a cinnamon dusting. Hint of cedar, in the form of toast, mint and pine needle. It’s a ripe style with some punchiness of flavour but perhaps less precision in the mix.","89 Points","Mar26","13.5%","$35","Screwcap","2026","2028","2026  - 2028","chardonnay | Great Southern","https://www.winefront.com.au/category/grapes/chardonnay/ | https://www.winefront.com.au/category/regions/australia/western-australia/great-southern/","http://www.harewood.com.au/","https://www.winefront.com.au/harewood-estate-chardonnay-2024/","0 Comments","","Rated : 89 Points
Tasted : Mar26
Alcohol : 13.5%
Price : $35
Closure : Screwcap
Drink : 2026  - 2028","4","https://www.winefront.com.au/author/kasia/page/4/"
"153123","Kasia Sobiesiak","Marnong Estate Chardonnay 2024","25 April 2026","Starts with a well-measured struck match note, a hint of vanilla slice and instant oats, as the aromas progress. Palate is zingy and fresh with grapefruit, apple, and firm nectarine. Cleansing acidity in the aftertaste with a pinch of gingery spice that gives the whole composition a very nice finale. Good value Chardonnay.","91 Points","Mar26","12.8%","$25","Screwcap","2026","2030","2026  - 2030","chardonnay | Sunbury","https://www.winefront.com.au/category/grapes/chardonnay/ | https://www.winefront.com.au/category/regions/australia/victoria/sunbury/","http://marnongestate.com.au/","https://www.winefront.com.au/marnong-estate-chardonnay-2024/","0 Comments","https://www.winefront.com.au/wp-content/uploads/2026/06/Screenshot-2026-06-25-at-1.46.50%E2%80%AFpm-163x300.png","Rated : 91 Points
Tasted : Mar26
Alcohol : 12.8%
Price : $25
Closure : Screwcap
Drink : 2026  - 2030","5","https://www.winefront.com.au/author/kasia/page/5/"
"153122","Kasia Sobiesiak","Highgate Chardonnay 2023","25 April 2026","Mostly fruity start, a la fruit salad, peach, apple, citrus, banana bread, with an edge of medicinal aniseed. It evolves into a note of vanilla/woody scents with a hint of salt. Palate is slightly less exciting with simpler flavours that fall a little flat but provide some engagement in the spicy-bitter territory.","88 Points","Mar26","12.5%","$25","Screwcap","2026","2028","2026  - 2028","chardonnay | Hunter Valley","https://www.winefront.com.au/category/grapes/chardonnay/ | https://www.winefront.com.au/category/regions/australia/new-south-wales/hunter-valley/","http://singlevineyards.com.au/","https://www.winefront.com.au/highgate-chardonnay-2023/","0 Comments","","Rated : 88 Points
Tasted : Mar26
Alcohol : 12.5%
Price : $25
Closure : Screwcap
Drink : 2026  - 2028","5","https://www.winefront.com.au/author/kasia/page/5/"
"153119","Kasia Sobiesiak","Harewood Estate Mount Barker Riesling 2024","25 April 2026","Fresh lemon and lime skin, green apple, green pear. Smooth flow, chalky a bit, but mostly clean, crisp and fresh. Very tasty, pure and minerally expression of a Riesling.","92 Points","Mar26","11.5%","$35","Screwcap","2026","2034","2026  - 2034","Mount Barker | riesling","https://www.winefront.com.au/category/regions/australia/western-australia/mount-barker-western-australia/ | https://www.winefront.com.au/category/grapes/riesling/","http://www.harewoodestate.com.au/","https://www.winefront.com.au/harewood-estate-mount-barker-riesling-2024/","0 Comments","","Rated : 92 Points
Tasted : Mar26
Alcohol : 11.5%
Price : $35
Closure : Screwcap
Drink : 2026  - 2034","5","https://www.winefront.com.au/author/kasia/page/5/"
"153118","Kasia Sobiesiak","Harewood Estate Frankland River Riesling 2024","25 April 2026","Zest, spice and slate, lemon blossom. More of a waxy feel on the palate, with a minerally feel driving acidity. Plenty of appeal in the simplicity of its ingredients.","92 Points","Mar26","12%","$35","Screwcap","2026","2030","2026  - 2030","Frankland River | riesling","https://www.winefront.com.au/category/regions/australia/western-australia/frankland-river-western-australia/ | https://www.winefront.com.au/category/grapes/riesling/","http://harewood.com.au/","https://www.winefront.com.au/harewood-estate-frankland-river-riesling-2024/","0 Comments","","Rated : 92 Points
Tasted : Mar26
Alcohol : 12%
Price : $35
Closure : Screwcap
Drink : 2026  - 2030","5","https://www.winefront.com.au/author/kasia/page/5/"
"153117","Kasia Sobiesiak","Harewood Estate Denmark Riesling 2024","25 April 2026","Apples, ginger and a note of sweet peach. Palate quite zingy, with grapefruit bitterness, some salt and a linear acid line. All good, simple in a way, but good.","89 Points","Mar26","12%","$35","Screwcap","2026","2028","2026  - 2028","Great Southern | riesling","https://www.winefront.com.au/category/regions/australia/western-australia/great-southern/ | https://www.winefront.com.au/category/grapes/riesling/","http://harewood.com.au/","https://www.winefront.com.au/harewood-estate-denmark-riesling-2024/","0 Comments","","Rated : 89 Points
Tasted : Mar26
Alcohol : 12%
Price : $35
Closure : Screwcap
Drink : 2026  - 2028","5","https://www.winefront.com.au/author/kasia/page/5/"
"153116","Kasia Sobiesiak","Harewood Estate Porongurup Riesling Museum Release 2016","25 April 2026","Aged pretty well. Acidity is round but firm, the wine shows clear development, notes of wax and kerosene on the nose with lemon essence and some bitter herbs and mango skin. Flavours are like bitter lemonade with tonic water. Energetic wine that travelled well, giving aromas development satisfaction.","92 Points","Mar26","12%","$50","Screwcap","2026","2031","2026  - 2031","Great Southern | riesling","https://www.winefront.com.au/category/regions/australia/western-australia/great-southern/ | https://www.winefront.com.au/category/grapes/riesling/","http://harewood.com.au/","https://www.winefront.com.au/harewood-estate-porongurup-riesling-museum-release-2016/","0 Comments","","Rated : 92 Points
Tasted : Mar26
Alcohol : 12%
Price : $50
Closure : Screwcap
Drink : 2026  - 2031","5","https://www.winefront.com.au/author/kasia/page/5/"
"153115","Kasia Sobiesiak","Harewood Estate Porongurup Riesling 2025","25 April 2026","Lemon blossom and pineapple skin, and frankly, it’s a nice start, with some lemongrass and wet slate too. Zesty and slightly spicy palate with ginger and tart lemon. All in place, very Reisling-y. Very good refreshment.","91 Points","Mar26","12%","$25","Screwcap","2025","2030","2025  - 2030","Great Southern | riesling","https://www.winefront.com.au/category/regions/australia/western-australia/great-southern/ | https://www.winefront.com.au/category/grapes/riesling/","http://harewood.com.au/","https://www.winefront.com.au/harewood-estate-porongurup-riesling-2025/","0 Comments","","Rated : 91 Points
Tasted : Mar26
Alcohol : 12%
Price : $25
Closure : Screwcap
Drink : 2025  - 2030","5","https://www.winefront.com.au/author/kasia/page/5/"
"153414","Kasia Sobiesiak","Shy Susan Shiraz 2022","09 April 2026","Smoky oak, cedar wood, leather, ripe berries of sorts. The palate is rather sour with drying tannins and a savoury finish. It falls into a medium-bodied style; a rich wine that may need some extra time to mellow.","89+ Points","Mar26","13.5%","$65","Screwcap","2027","2032","2027  - 2032","Alpine Valleys | shiraz et al","https://www.winefront.com.au/category/regions/australia/victoria/alpine-valleys/ | https://www.winefront.com.au/category/grapes/shiraz-et-al/","http://www.shysusanwines.com.au/","https://www.winefront.com.au/shy-susan-shiraz-2022/","0 Comments","","Rated : 89+ Points
Tasted : Mar26
Alcohol : 13.5%
Price : $65
Closure : Screwcap
Drink : 2027  - 2032","5","https://www.winefront.com.au/author/kasia/page/5/"
"151555","Kasia Sobiesiak","Foreign Friends Jeanne Savagnin 2025","01 April 2026","‘Jeanne’ is not to be found on the label… ekhm… discovered via website listing. Fermented and aged in French oak.

Lovely start. Pronounced perfume that promises texture and depth of flavour. A basket of fruit: aromatic pears, bitter lemons, red apples and cherries. Another layer is made of spice and nutty goodness; there are almonds and gingerbread here, a pinch of pepper, a drop of honey for balance. Texture, as promised, with plenty of mouthwatering bitter lime acidity, medicinal-herbal aftertaste, spicy traction throughout. Lovely finish.","94 Points","Apr26","13%","$37","Diam","2026","2033","2026  - 2033","King Valley | other whites | Tip Top Tipple","https://www.winefront.com.au/category/regions/australia/victoria/king-valley/ | https://www.winefront.com.au/category/grapes/other-whites/ | https://www.winefront.com.au/category/top-wines/tip-top-tipple/","http://foreignfriends.com.au/","https://www.winefront.com.au/foreign-friends-jeanne-savagnin-2025/","5 Comments","https://www.winefront.com.au/wp-content/uploads/2026/04/Screenshot-2026-04-01-at-5.21.19%E2%80%AFpm-145x300.png","Rated : 94 Points
Tasted : Apr26
Alcohol : 13%
Price : $37
Closure : Diam
Drink : 2026  - 2033","5","https://www.winefront.com.au/author/kasia/page/5/"
"151551","Kasia Sobiesiak","Howard Park Arbor Novae Chenin Blanc 2024","01 April 2026","Honey and wet stones, beeswax tone above and ripe quince/apples below. There’s a nose-tickling dusty gunpowder vibration here. Pure, clean flow, glossy, crisp, savoury wine with saline tension, cleansing but lingering too. Very nice drink.","93 Points","Apr26","12%","$35","Screwcap","2026","2030","2026  - 2030","Great Southern | other whites","https://www.winefront.com.au/category/regions/australia/western-australia/great-southern/ | https://www.winefront.com.au/category/grapes/other-whites/","http://www.howardparkwines.com.au/","https://www.winefront.com.au/howard-park-arbor-novae-chenin-blanc-2024/","0 Comments","https://www.winefront.com.au/wp-content/uploads/2026/04/Screenshot-2026-04-01-at-4.44.53%E2%80%AFpm-164x300.png","Rated : 93 Points
Tasted : Apr26
Alcohol : 12%
Price : $35
Closure : Screwcap
Drink : 2026  - 2030","5","https://www.winefront.com.au/author/kasia/page/5/"
"151549","Kasia Sobiesiak","EdenFlo Clare Valley Riesling 2024","01 April 2026","Barrel fermented.

First sniff—an invitation to drink. How things should be. A melange of citrus and pastry notes, lemon meringue, lemon biscuit, raw cashew, and ginger-honey top note. What can I say? A delight. Juicy acidity as a backbone, but also texture like lemon tea, yellow grapefruit, a little dusty, a little spicy. A lot tasty.","93 Points","Apr26","11.8%","$35","Screwcap","2026","2032","2026  - 2032","Clare Valley | riesling | Tip Top Tipple","https://www.winefront.com.au/category/regions/australia/south-australia/clare-valley/ | https://www.winefront.com.au/category/grapes/riesling/ | https://www.winefront.com.au/category/top-wines/tip-top-tipple/","http://edenflowines.com.au/","https://www.winefront.com.au/edenflo-clare-valley-riesling-2024/","1 Comment","https://www.winefront.com.au/wp-content/uploads/2026/04/Screen-Shot-2022-09-29-at-16.57.50-83x300.png","Rated : 93 Points
Tasted : Apr26
Alcohol : 11.8%
Price : $35
Closure : Screwcap
Drink : 2026  - 2032","5","https://www.winefront.com.au/author/kasia/page/5/"
"151520","Kasia Sobiesiak","Polperro Chardonnay 2024","30 March 2026","There’s a bunch of oak and lees-derived aromas, nuts in honey and such, but they come hand in hand with a beautiful intensity of grapefruit and apple. Then, lemon butter toast and elegant cedar perfume. It’s a fine wine, well made, balanced, with power and precision. There’s space for it to evolve in the glass and for some time in the bottle, too.","93 Points","Jan26","13.1%","$60","Diam","2026","2031","2026  - 2031","chardonnay | Mornington Peninsula","https://www.winefront.com.au/category/grapes/chardonnay/ | https://www.winefront.com.au/category/regions/australia/victoria/mornington-peninsula/","http://www.polperrowines.com.au/","https://www.winefront.com.au/polperro-chardonnay-2024/","0 Comments","https://www.winefront.com.au/wp-content/uploads/2026/03/Screenshot-2026-03-30-at-4.21.50%E2%80%AFpm-122x300.png","Rated : 93 Points
Tasted : Jan26
Alcohol : 13.1%
Price : $60
Closure : Diam
Drink : 2026  - 2031","5","https://www.winefront.com.au/author/kasia/page/5/"
"151509","Kasia Sobiesiak","Quealy Campbell And Christine Pinot Noir 2024","29 March 2026","A mix of sweet berries and green tea leaf or a tobacco leaf. Cacao nib top note, orange zest and black olive. Structure and texture in place, ripeness and savouriness on point, albeit a slightly loose finish, which can be amended with a quick next sip. Good stuff overall.","93 Points","Jan26","13.4%","$50","Screwcap","2026","2029","2026  - 2029","Mornington Peninsula | organic | pinot noir","https://www.winefront.com.au/category/regions/australia/victoria/mornington-peninsula/ | https://www.winefront.com.au/category/grapes/organic/ | https://www.winefront.com.au/category/grapes/pinot-noir/","http://quealy.com.au/","https://www.winefront.com.au/quealy-campbell-and-christine-pinot-noir-2024/","1 Comment","https://www.winefront.com.au/wp-content/uploads/2026/03/ccjpeg-scaled-e1699617310371-379x1024-1-111x300.jpeg","Rated : 93 Points
Tasted : Jan26
Alcohol : 13.4%
Price : $50
Closure : Screwcap
Drink : 2026  - 2029","5","https://www.winefront.com.au/author/kasia/page/5/"
"151507","Kasia Sobiesiak","Polperro Pinot Noir 2024","29 March 2026","Nice start: clean, pure bundle of blueberries, raspberries and cherries. Beautiful lift, energy and vibrancy. Purple flowers, orange oil, a bit of bloody-iron tones too, balancing the fruit. Fresh, slippery, zingy and zesty, gliding with grace. A very pleasing drink.","93 Points","Jan26","13.4%","$65","Diam","2026","2029","2026  - 2029","Mornington Peninsula | pinot noir","https://www.winefront.com.au/category/regions/australia/victoria/mornington-peninsula/ | https://www.winefront.com.au/category/grapes/pinot-noir/","http://www.polperrowines.com.au/wine/polperro.html","https://www.winefront.com.au/polperro-pinot-noir-2024/","1 Comment","https://www.winefront.com.au/wp-content/uploads/2026/03/Screenshot-2026-03-29-at-7.58.12%E2%80%AFpm-146x300.png","Rated : 93 Points
Tasted : Jan26
Alcohol : 13.4%
Price : $65
Closure : Diam
Drink : 2026  - 2029","5","https://www.winefront.com.au/author/kasia/page/5/"
"151505","Kasia Sobiesiak","Pacha Mama Pinot Noir 2025","29 March 2026","Summer berries, undergrowth, twiggy and leafy bits. Very pleasant fruit-forward perfume with a nice purple flower lift and sleek tannins, and a bitter-sweet plummy/cherry finish.","91 Points","Jan26","12.8%","$35","Screwcap","2026","2028","2026  - 2028","pinot noir | Yarra Valley","https://www.winefront.com.au/category/grapes/pinot-noir/ | https://www.winefront.com.au/category/regions/australia/victoria/yarra-valley/","http://www.pachamamawines.com.au/","https://www.winefront.com.au/pacha-mama-pinot-noir-2025/","0 Comments","https://www.winefront.com.au/wp-content/uploads/2026/03/pinot-noir-2012-1-81x300.png","Rated : 91 Points
Tasted : Jan26
Alcohol : 12.8%
Price : $35
Closure : Screwcap
Drink : 2026  - 2028","5","https://www.winefront.com.au/author/kasia/page/5/"
"151503","Kasia Sobiesiak","Pacha Mama Chardonnay 2025","29 March 2026","Vibrant start with plenty of fresh aromatic fruit, stone fruit, quince and pomelo and a nutty thread, making up an almond friand and peach pastry. It’s more fruity than oaky in style, with texture, flavour punch and a clean-cut finish. Good one.","92 Points","Jan26","12.6%","$35","Screwcap","2026","2029","2026  - 2029","chardonnay | Yarra Valley","https://www.winefront.com.au/category/grapes/chardonnay/ | https://www.winefront.com.au/category/regions/australia/victoria/yarra-valley/","http://www.pachamamawines.com.au/","https://www.winefront.com.au/pacha-mama-chardonnay-2025/","0 Comments","https://www.winefront.com.au/wp-content/uploads/2026/03/Screenshot-2025-01-06-at-5.00.46-pm-2-119x300.png","Rated : 92 Points
Tasted : Jan26
Alcohol : 12.6%
Price : $35
Closure : Screwcap
Drink : 2026  - 2029","5","https://www.winefront.com.au/author/kasia/page/5/"
"151500","Kasia Sobiesiak","Pacha Mama Pinot Gris 2025","29 March 2026","Good start. Orchard fruit: apples, pears, peaches and a hint of almond or cherry blossom. It’s a style that delivers both freshness and richness. Slippery texture, ginger spice and a bitter-honeyed-medicinal finish. Flavour and layers of interest delivered. Well made.","91 Points","Jan26","12.6%","$30","Screwcap","2026","2027","2026  - 2027","pinot gris/grigio | Victoria","https://www.winefront.com.au/category/grapes/pinot-grisgrigio/ | https://www.winefront.com.au/category/regions/australia/victoria/","http://www.pachamamawines.com.au/","https://www.winefront.com.au/pacha-mama-pinot-gris-2025/","0 Comments","https://www.winefront.com.au/wp-content/uploads/2026/03/Screenshot-2025-07-10-at-3.55.06%E2%80%AFpm-126x300.png","Rated : 91 Points
Tasted : Jan26
Alcohol : 12.6%
Price : $30
Closure : Screwcap
Drink : 2026  - 2027","5","https://www.winefront.com.au/author/kasia/page/5/"
"151470","Kasia Sobiesiak","Familie Rauen Maximin Riesling Spätlese 2024","28 March 2026","Mosel. Importer: Felixir

Showing distinct ripeness: pineapple skin, some dried mango and candied lemon zest. The palate is undoubtedly sweet but with a great cleansing acidity, something a la lemon lolly. It’s a sweet wine with well-built-in fruit richness offset by driving Riesling acidity. Good!","92 Points","Jan26","7.5%","$48","Screwcap","2026","2030+","2026  - 2030+","Germany | riesling","https://www.winefront.com.au/category/regions/germany/ | https://www.winefront.com.au/category/grapes/riesling/","http://familie-rauen.de/en/","https://www.winefront.com.au/familie-rauen-maximin-riesling-spatlese-2024/","0 Comments","https://www.winefront.com.au/wp-content/uploads/2026/03/Screenshot-2026-03-26-at-8.39.46%E2%80%AFpm-123x300.png","Rated : 92 Points
Tasted : Jan26
Alcohol : 7.5%
Price : $48
Closure : Screwcap
Drink : 2026  - 2030+","5","https://www.winefront.com.au/author/kasia/page/5/"
"151468","Kasia Sobiesiak","Familie Rauen Riesling Kirschenberg Alte Reben 2024","28 March 2026","Value Mosel. Importer: Felixir

It starts very citrusy with a top note of honeyed flowers, meringue, lime and a touch of green mango. It’s based on all things lemon: blossom, skin, pith, juice. Lemon tea with sour apple and bitter citrus skins. Texture is slippery upfront and with subtle dusty traction in the back. Minerally and savoury wine built around acidity. Hits the Riesling spot well.","93 Points","Jan26","11.5%","$48","Screwcap","2026","2030+","2026  - 2030+","Germany | riesling","https://www.winefront.com.au/category/regions/germany/ | https://www.winefront.com.au/category/grapes/riesling/","http://familie-rauen.de/en/","https://www.winefront.com.au/familie-rauen-riesling-kirschenberg-alte-reben-2024/","0 Comments","https://www.winefront.com.au/wp-content/uploads/2026/03/Screenshot-2026-03-26-at-8.26.44%E2%80%AFpm-126x300.png","Rated : 93 Points
Tasted : Jan26
Alcohol : 11.5%
Price : $48
Closure : Screwcap
Drink : 2026  - 2030+","5","https://www.winefront.com.au/author/kasia/page/5/"
"151466","Kasia Sobiesiak","Familie Rauen Riesling M Halbtrocken 2024","28 March 2026","Mosel. Importer: Felixir

Apple, lemon, pear and white nectarine. Quite subtle nose, nothing wrong with that. The acidity perception is high even though it’s a ‘half-dry’ style (11.2g/L RS). Refreshment and appeal come in the form of sweet-sour green apple and lime with sugar, or ripe pomelo. Good balance of simple pleasures. Match with spicy food comes to mind, and well-chilled.","90 Points","Jan26","10.5%","$42","Screwcap","2026","2028","2026  - 2028","Germany | riesling","https://www.winefront.com.au/category/regions/germany/ | https://www.winefront.com.au/category/grapes/riesling/","http://familie-rauen.de/en/","https://www.winefront.com.au/familie-rauen-riesling-m-halbtrocken-2024/","0 Comments","https://www.winefront.com.au/wp-content/uploads/2026/03/Screenshot-2026-03-26-at-7.46.27%E2%80%AFpm-118x300.png","Rated : 90 Points
Tasted : Jan26
Alcohol : 10.5%
Price : $42
Closure : Screwcap
Drink : 2026  - 2028","5","https://www.winefront.com.au/author/kasia/page/5/"
"151464","Kasia Sobiesiak","Familie Rauen Riesling Kabinett Trocken 2024","28 March 2026","Mosel. Importer: Felixir

Bone dry (as a palate perception, as on paper 3.3g/L RS). Lifted and fresh wine with lime and green apple, green kiwi, gooseberry and a hint of brine mingling with a note of honey. The palate is dusty, with a lemon-honey tea aftertaste. It all works very well together, a bit understated perhaps, but charming too.","91 Points","Jan26","11%","$42","Screwcap","2026","2029","2026  - 2029","Germany | riesling","https://www.winefront.com.au/category/regions/germany/ | https://www.winefront.com.au/category/grapes/riesling/","http://familie-rauen.de/en/","https://www.winefront.com.au/familie-rauen-riesling-kabinett-trocken-2024/","0 Comments","https://www.winefront.com.au/wp-content/uploads/2026/03/Screenshot-2026-03-26-at-7.35.49%E2%80%AFpm-134x300.png","Rated : 91 Points
Tasted : Jan26
Alcohol : 11%
Price : $42
Closure : Screwcap
Drink : 2026  - 2029","6","https://www.winefront.com.au/author/kasia/page/6/"
"151462","Kasia Sobiesiak","Familie Rauen Riesling Trocken 2024","28 March 2026","From Mosel. Importer: Felixir

Notes of ginger and dried hay, lemon blossom scents, hints of dusty herbs. Very slate-y, lemon-driven, bitter lemon and bitter grapefruit. Straightforward and simple in a way, but in a good Riesling-way.","90 Points","Jan26","11%","$39","Screwcap","2026","2029","2026  - 2029","Germany | riesling","https://www.winefront.com.au/category/regions/germany/ | https://www.winefront.com.au/category/grapes/riesling/","http://familie-rauen.de/en/","https://www.winefront.com.au/familie-rauen-riesling-trocken-2024/","0 Comments","https://www.winefront.com.au/wp-content/uploads/2026/03/Screenshot-2026-03-26-at-7.24.54%E2%80%AFpm-109x300.png","Rated : 90 Points
Tasted : Jan26
Alcohol : 11%
Price : $39
Closure : Screwcap
Drink : 2026  - 2029","6","https://www.winefront.com.au/author/kasia/page/6/"
"151284","Kasia Sobiesiak","Aeon Alluvium 2024","19 March 2026","Website notes: From sandy, pebbly blocks of Syrah, Touriga Nacional and Viognier on the Field of Mars vineyard in central Pokolbin. Grown and made by Alisdair & Kenisha Tulloch with the help of good friends and family.

Blueberries, mulberries, black cherries perfume, mixed with wet chalk and blood. Cedarwood, spice and chocolate tannins come afterwards. The palate drives with energetic flavour and fine firm texture, bitter herbs, then more wet chalk again. Beautiful composition, vivid and punchy with freshness, but also solid structure.","93 Points","Dec25","13%","$45","Diam","2026","2031","2026  - 2031","Hunter Valley | other reds | shiraz et al | viognier et al","https://www.winefront.com.au/category/regions/australia/new-south-wales/hunter-valley/ | https://www.winefront.com.au/category/grapes/other-reds/ | https://www.winefront.com.au/category/grapes/shiraz-et-al/ | https://www.winefront.com.au/category/grapes/viognier-et-al/","http://www.aeonwines.com/","https://www.winefront.com.au/aeon-alluvium-2024/","0 Comments","https://www.winefront.com.au/wp-content/uploads/2026/03/Screenshot-2026-03-19-at-1.12.53%E2%80%AFpm-120x300.png","Rated : 93 Points
Tasted : Dec25
Alcohol : 13%
Price : $45
Closure : Diam
Drink : 2026  - 2031","6","https://www.winefront.com.au/author/kasia/page/6/"
"151282","Kasia Sobiesiak","Aeon Vertosol 2024","19 March 2026","Syrah.

This wine smells of drying clay and red bricks. It has a strong drying edge, the herbs and aromatic wood smoke nose, it’s black fruit and crunchy leaves, toasted spices and a bitter herb extract, think sage or thyme. It’s medium-bodied, the flavour hits strongly, but the aftertaste brings sweet strawberries and soothing roundness. Delivers many points of interest with depth and balance.","94 Points","Dec25","13.5%","$45","Diam","2026","2033","2026  - 2033","Hunter Valley | shiraz et al","https://www.winefront.com.au/category/regions/australia/new-south-wales/hunter-valley/ | https://www.winefront.com.au/category/grapes/shiraz-et-al/","http://www.aeonwines.com/","https://www.winefront.com.au/aeon-vertosol-2024/","5 Comments","https://www.winefront.com.au/wp-content/uploads/2026/03/Screenshot-2026-03-19-at-12.48.59%E2%80%AFpm-124x300.png","Rated : 94 Points
Tasted : Dec25
Alcohol : 13.5%
Price : $45
Closure : Diam
Drink : 2026  - 2033","6","https://www.winefront.com.au/author/kasia/page/6/"
"151280","Kasia Sobiesiak","Pig in the House Organic Rose 2025","19 March 2026","Very inviting start, summer time strawberries and cream, cherries, squeeze of lime, touch of guava. It’s all perfumed, fruity and energetic. Plenty of flavour that you’d expect, mostly fruit driven but with balancing acidity and pleasant bitterness with some peppery spice in the end. Super drinkable and enjoyable.","91 Points","Jan26","12.5%","$25","Screwcap","2025","2026","2025  - 2026","Cowra | organic | Rose","https://www.winefront.com.au/category/regions/australia/new-south-wales/cowra/ | https://www.winefront.com.au/category/grapes/organic/ | https://www.winefront.com.au/category/grapes/rose/","http://www.piginthehouse.com.au/","https://www.winefront.com.au/pig-in-the-house-organic-rose-2025/","0 Comments","https://www.winefront.com.au/wp-content/uploads/2026/03/Screen-Shot-2018-01-01-at-15.29.05-129x300.png","Rated : 91 Points
Tasted : Jan26
Alcohol : 12.5%
Price : $25
Closure : Screwcap
Drink : 2025  - 2026","6","https://www.winefront.com.au/author/kasia/page/6/"
"151278","Kasia Sobiesiak","Quealy Turbul Moscato Giallo 2023","19 March 2026","Golden grapes, dripping with herbed honey, thyme and rosemary infused, mango skin, gold kiwi and ripe Golden Delicious apples. This is the nose. The palate is smooth with a light dusty/chalky texture, but also glossy in a way, and nowhere near the sweetness perceived on the nose. It’s all bitter herbs with salt on the edges and a core made of spice and chewy skins. Plenty of stimuli for your tongue. Delicious.","94 Points","Jan26","12%","$40","Diam","2026","2029","2026  - 2029","Mornington Peninsula | other whites","https://www.winefront.com.au/category/regions/australia/victoria/mornington-peninsula/ | https://www.winefront.com.au/category/grapes/other-whites/","http://quealy.com.au/","https://www.winefront.com.au/quealy-turbul-moscato-giallo-2023/","0 Comments","https://www.winefront.com.au/wp-content/uploads/2026/03/Turbul-Moscato-1-86x300.png","Rated : 94 Points
Tasted : Jan26
Alcohol : 12%
Price : $40
Closure : Diam
Drink : 2026  - 2029","6","https://www.winefront.com.au/author/kasia/page/6/"
"151276","Kasia Sobiesiak","Quealy Turbul Malvasia 2023","19 March 2026","Constantly impressed with these from the Turbul range.

Golden colour in the glass. Punchy aromas. Rose water, cloves, coriander seeds, cherry pip, fennel. The wine has a strong medicinal core, the aromas and flavours are honeyed, but not sweet at all—everything flows with gignery spice and herbaceous bitterness. There’s texture and traction that make the flavour settle in for a long time in your taste buds. Not for all, but those who like intense, medicinal-herbaceous tones and texture will like it a lot.","94 Points","Jan26","13%","$40","Diam","2026","2031","2026  - 2031","Mornington Peninsula | other whites","https://www.winefront.com.au/category/regions/australia/victoria/mornington-peninsula/ | https://www.winefront.com.au/category/grapes/other-whites/","http://www.quealy.com.au/","https://www.winefront.com.au/quealy-turbul-malvasia-2023/","2 Comments","https://www.winefront.com.au/wp-content/uploads/2026/03/Turbul-Malvasia-1-86x300.png","Rated : 94 Points
Tasted : Jan26
Alcohol : 13%
Price : $40
Closure : Diam
Drink : 2026  - 2031","6","https://www.winefront.com.au/author/kasia/page/6/"
"153145","Kasia Sobiesiak","Shy Susan Sangiovese 2022","25 February 2026","Dark, brooding colour. Dark cherries, boot paste, polished leather and perhaps a hint of wood varnish. Dark profile, black but sour cherries with dark chocolate, and pomegranate juice, numbing aniseed and sage extract aftertaste. It’s dark and rough in one way, and powerful and admirable in the other.","93 Points","Jan26","14%","$65","Screwcap","2027","2032+","2027  - 2032+","Alpine Valleys | sangiovese et al","https://www.winefront.com.au/category/regions/australia/victoria/alpine-valleys/ | https://www.winefront.com.au/category/grapes/sangiovese-et-al/","http://www.shysusanwines.com.au/","https://www.winefront.com.au/shy-susan-sangiovese-2022/","0 Comments","","Rated : 93 Points
Tasted : Jan26
Alcohol : 14%
Price : $65
Closure : Screwcap
Drink : 2027  - 2032+","6","https://www.winefront.com.au/author/kasia/page/6/"
"151367","Kasia Sobiesiak","Jericho Grenache 2024","20 February 2026","Glossy cherry, raspberry, strawberry and red liquorice with a hint of blood and fresh button mushrooms. It’s mostly led by red fruit, has chewy, bitter skins for tannins and a peppery spice in a classic varietal touch. Simple in a way, but does it very well.","91 Points","Dec25","14%","$27","Screwcap","2026","2029","2026  - 2029","grenache et al | McLaren Vale","https://www.winefront.com.au/category/grapes/grenache-et-al/ | https://www.winefront.com.au/category/regions/australia/south-australia/mclaren-vale/","http://www.jerichowines.com.au/","https://www.winefront.com.au/jericho-grenache-2024/","0 Comments","","Rated : 91 Points
Tasted : Dec25
Alcohol : 14%
Price : $27
Closure : Screwcap
Drink : 2026  - 2029","6","https://www.winefront.com.au/author/kasia/page/6/"
"151381","Kasia Sobiesiak","Even Keel Fiano 2024","21 January 2026","Ripeness of yellow fruit is a good base; quince, a hint of melon, sweet almond and bitter lemon zest punching through with energy. Lemon yoghurt, lemon blossom and dusty hay add complexity on the nose. It’s all quite inviting. The flavour has a medicinal-honeyed tone, with glossy flow, a gingery pinch, and plenty of satisfying fruitiness.","91 Points","Dec25","13%","$45","Screwcap","2026","2028","2026  - 2028","Mornington Peninsula | other whites","https://www.winefront.com.au/category/regions/australia/victoria/mornington-peninsula/ | https://www.winefront.com.au/category/grapes/other-whites/","http://www.polperrowines.com.au/","https://www.winefront.com.au/even-keel-fiano-2024/","0 Comments","","Rated : 91 Points
Tasted : Dec25
Alcohol : 13%
Price : $45
Closure : Screwcap
Drink : 2026  - 2028","6","https://www.winefront.com.au/author/kasia/page/6/"
"151378","Kasia Sobiesiak","Even Keel Mornington Peninsula Pinot Gris 2024","21 January 2026","Nutty and minty aromas at first, ripe quince and pear at last. The rest is quite simple and seems rich, but flavours come through as clear apple juice and mint in a slightly loose weave and with a bitter-sweet and a little warm finish. This works OK, in a way, for a Gris style.","89 Points","Jan26","13%","$35","Screwcap","2026","2027","2026  - 2027","Mornington Peninsula | pinot gris/grigio","https://www.winefront.com.au/category/regions/australia/victoria/mornington-peninsula/ | https://www.winefront.com.au/category/grapes/pinot-grisgrigio/","http://www.polperrowines.com.au/","https://www.winefront.com.au/even-keel-mornington-peninsula-pinot-gris-2024/","0 Comments","","Rated : 89 Points
Tasted : Jan26
Alcohol : 13%
Price : $35
Closure : Screwcap
Drink : 2026  - 2027","6","https://www.winefront.com.au/author/kasia/page/6/"
"151369","Kasia Sobiesiak","Mezzacorona Maso di Mezzo Pinot Grigio 2023","20 January 2026","Importer: Single Vineyard Sellers

Quite aromatic, pungent start. Then, pretty standard as expected aromas and flavours of apples and pears, licks of green almond and bitter citrus and bitter herbs. And as such, all in place with a bit of a dusty/chewy texture, also apt.","88 Points","Dec25","12.5%","$30","Screwcap","2026","2026","2026  - 2026","Italy | pinot gris/grigio","https://www.winefront.com.au/category/regions/italy/ | https://www.winefront.com.au/category/grapes/pinot-grisgrigio/","http://www.mezzacorona.it/","https://www.winefront.com.au/mezzacorona-maso-di-mezzo-pinot-grigio-2023/","0 Comments","","Rated : 88 Points
Tasted : Dec25
Alcohol : 12.5%
Price : $30
Closure : Screwcap
Drink : 2026  - 2026","6","https://www.winefront.com.au/author/kasia/page/6/"
"151368","Kasia Sobiesiak","Mezzacorona Maso di Mezzo Pinot Grigio Rose 2024","20 January 2026","Importer: Single Vineyard Sellers

Mandarin skin, dusty notes of orange fruit and sour berries. There’s guava here in flavour and more of a sour grapefruit with salt and a pinch of peppery spice. Flavour hits mid palate and stays there. It’s a good concept but maybe a touch rough on the edges.","88 Points","Dec25","12.5%","$30","Screwcap","2026","2027","2026  - 2027","Italy | orange wine | pinot gris/grigio | Rose","https://www.winefront.com.au/category/regions/italy/ | https://www.winefront.com.au/category/grapes/orange-wine/ | https://www.winefront.com.au/category/grapes/pinot-grisgrigio/ | https://www.winefront.com.au/category/grapes/rose/","http://www.mezzacorona.it/","https://www.winefront.com.au/mezzacorona-maso-di-mezzo-pinot-grigio-rose-2024/","0 Comments","","Rated : 88 Points
Tasted : Dec25
Alcohol : 12.5%
Price : $30
Closure : Screwcap
Drink : 2026  - 2027","6","https://www.winefront.com.au/author/kasia/page/6/"
"151366","Kasia Sobiesiak","Jericho GSM 2023","20 January 2026","Lovely start, with a mix of red and black fruit, sweet tone and a spicy, herbaceous lift. Cherries and plums, pepper and sage, with red liquorice sweetness; the flow is easy, effortless. The magic of a GSM blend is here, with a solid mix of fruit, herbs and spices set in a well-balanced structure. Satisfying red.","92 Points","Dec25","14%","$27","Screwcap","2026","2028","2026  - 2028","grenache et al | McLaren Vale | shiraz et al","https://www.winefront.com.au/category/grapes/grenache-et-al/ | https://www.winefront.com.au/category/regions/australia/south-australia/mclaren-vale/ | https://www.winefront.com.au/category/grapes/shiraz-et-al/","http://www.jerichowines.com.au/","https://www.winefront.com.au/jericho-gsm-2023/","0 Comments","","Rated : 92 Points
Tasted : Dec25
Alcohol : 14%
Price : $27
Closure : Screwcap
Drink : 2026  - 2028","6","https://www.winefront.com.au/author/kasia/page/6/"
"150115","Kasia Sobiesiak","Fetherston Fungi Pinot Noir 2024","20 January 2026","Ripe red cherry and rose water to a pretty start. The palate is glossy with white pepper pinch and other spices, fresh sweet mint and more glossy cherry and cranberry. Fine texture with a nicely balancing, savoury-stony finish. Very enjoyable.","92 Points","Dec25","13.2%","$35","Screwcap","2026","2029","2026  - 2029","pinot noir | Yarra Valley","https://www.winefront.com.au/category/grapes/pinot-noir/ | https://www.winefront.com.au/category/regions/australia/victoria/yarra-valley/","http://www.fetherstonwine.com.au/","https://www.winefront.com.au/fetherston-fungi-pinot-noir-2024/","0 Comments","https://www.winefront.com.au/wp-content/uploads/2026/01/fethfung-113x300-1-1.jpg","Rated : 92 Points
Tasted : Dec25
Alcohol : 13.2%
Price : $35
Closure : Screwcap
Drink : 2026  - 2029","6","https://www.winefront.com.au/author/kasia/page/6/"
"150117","Kasia Sobiesiak","Kerri Greens Ninch Pinot Noir 2025","20 January 2026","Lively perfume of ripe raspberries and blueberries with purple and red flowers and some red liquorice. Fresh and upbeat. Fruit-led flavours dominate the palate with chalky texture, and plumminess with chewy bitter skins and a lick of salt along with peppery pinch, mint and a bloody-steely aftertaste. It’s a vibrant Pinot with a thirst-quenching composition.","92 Points","Dec25","12.7%","$34","Screwcap","2026","2028","2026  - 2028","Mornington Peninsula | pinot noir","https://www.winefront.com.au/category/regions/australia/victoria/mornington-peninsula/ | https://www.winefront.com.au/category/grapes/pinot-noir/","http://kerrigreens.com/","https://www.winefront.com.au/kerri-greens-ninch-pinot-noir-2025/","0 Comments","https://www.winefront.com.au/wp-content/uploads/2026/01/Screenshot-2026-01-19-at-2.43.04%E2%80%AFpm-127x300.png","Rated : 92 Points
Tasted : Dec25
Alcohol : 12.7%
Price : $34
Closure : Screwcap
Drink : 2026  - 2028","6","https://www.winefront.com.au/author/kasia/page/6/"
"150119","Kasia Sobiesiak","Quealy Musk Creek Pinot Noir 2024","20 January 2026","Aromatic strawberries dressed with bitter herbs, dried leaves, fresh button mushrooms, nutmeg and orange zest. It’s the perfume of the Pinot—the one that offers bitter-sweet composition, a fruity but also savoury profile where pretty perfume meets the undergrowth and a meaty, decaying edge. The palate is silky, with fine tannins, a layer of spice and the base of ripe red fruit topped with a drop of bitterness. Appetite-inducing and oh-so delicious.","94 Points","Jan26","13%","$55","Screwcap","2026","2031","2026  - 2031","Mornington Peninsula | pinot noir","https://www.winefront.com.au/category/regions/australia/victoria/mornington-peninsula/ | https://www.winefront.com.au/category/grapes/pinot-noir/","http://quealy.com.au/","https://www.winefront.com.au/quealy-musk-creek-pinot-noir-2024/","0 Comments","https://www.winefront.com.au/wp-content/uploads/2026/01/Screenshot-2023-07-13-125237-e1699617538170-94x300.png","Rated : 94 Points
Tasted : Jan26
Alcohol : 13%
Price : $55
Closure : Screwcap
Drink : 2026  - 2031","6","https://www.winefront.com.au/author/kasia/page/6/"
"150077","Kasia Sobiesiak","Pizzini Pinot Grigio 2025","15 January 2026","Very energetic and perky wine. With raw almond and a mix of aromatic apples, pears and fresh herbs, it ticks the boxes of what a Grigio-marked style should give you. The bitter almond, the grapefruit lick, a lightly dusty texture, just a touch of spice and an electrolyte type of salinity. Thirst-quenching for sure.","91 Points","Jan26","12.5%","$25","Screwcap","2026","2027","2026  - 2027","King Valley | pinot gris/grigio","https://www.winefront.com.au/category/regions/australia/victoria/king-valley/ | https://www.winefront.com.au/category/grapes/pinot-grisgrigio/","http://www.pizzini.com.au/","https://www.winefront.com.au/pizzini-pinot-grigio-2025/","0 Comments","https://www.winefront.com.au/wp-content/uploads/2026/01/pizzini-pinot-grigio-winefront-93x300.jpeg","Rated : 91 Points
Tasted : Jan26
Alcohol : 12.5%
Price : $25
Closure : Screwcap
Drink : 2026  - 2027","6","https://www.winefront.com.au/author/kasia/page/6/"
"150075","Kasia Sobiesiak","Quealy Feri Maris Pinot Grigio 2024","15 January 2026","Quealys know how to Gris-gio.

Sweet almond, tarragon, red apple, cinnamon dust, bitter lemon, stony texture, creamed honey, but with plenty of firm acidity and a pink grapefruit finish. This is captured on the way from Grigio to Gris in the most effortless and beautiful manner. Characterful style and very Quealy.","94 Points","Jan26","13%","$40","Screwcap","2026","2030","2026  - 2030","Mornington Peninsula | pinot gris/grigio | Tip Top Tipple","https://www.winefront.com.au/category/regions/australia/victoria/mornington-peninsula/ | https://www.winefront.com.au/category/grapes/pinot-grisgrigio/ | https://www.winefront.com.au/category/top-wines/tip-top-tipple/","http://quealy.com.au/","https://www.winefront.com.au/quealy-feri-maris-pinot-grigio-2024/","1 Comment","https://www.winefront.com.au/wp-content/uploads/2026/01/FeriMarisjpg-640-298x1024-1-87x300.jpg","Rated : 94 Points
Tasted : Jan26
Alcohol : 13%
Price : $40
Closure : Screwcap
Drink : 2026  - 2030","6","https://www.winefront.com.au/author/kasia/page/6/"
"150073","Kasia Sobiesiak","The Little Wine Company Pinot Grigio 2025","15 January 2026","ABC of PG. The fruit is fresh, crunchy and bitter. Wine is lightly floral, with almond, pear, bitter lemon and a lick of salt. All you need in this style is here and done well.","90 Points","Jan26","12.3%","$24","Screwcap","2026","2027","2026  - 2027","Central Ranges | pinot gris/grigio","https://www.winefront.com.au/category/regions/australia/new-south-wales/central-ranges/ | https://www.winefront.com.au/category/grapes/pinot-grisgrigio/","http://www.thelittlewinecompany.com.au/","https://www.winefront.com.au/the-little-wine-company-pinot-grigio-2025/","0 Comments","https://www.winefront.com.au/wp-content/uploads/2026/01/littlepig-98x300.png","Rated : 90 Points
Tasted : Jan26
Alcohol : 12.3%
Price : $24
Closure : Screwcap
Drink : 2026  - 2027","6","https://www.winefront.com.au/author/kasia/page/6/"
"150071","Kasia Sobiesiak","Pig In The House Organic Sauvignon Blanc 2024","15 January 2026","Fresh aromas of gooseberries, a hint of passionfruit and guava, apple, pear and elderflower. Flavours follow the nose, with a matching, fruity-fresh acidity. This is pretty straightforward in its composition, but it does it very well.","90 Points","Jan26","12%","$25","Screwcap","2026","2027","2026  - 2027","Central Ranges | sauv blanc et al","https://www.winefront.com.au/category/regions/australia/new-south-wales/central-ranges/ | https://www.winefront.com.au/category/grapes/sauv-blanc-et-al/","http://www.piginthehouse.com.au/","https://www.winefront.com.au/pig-in-the-house-organic-sauvignon-blanc-2024/","0 Comments","https://www.winefront.com.au/wp-content/uploads/2026/01/Screenshot-2026-01-15-at-7.48.45%E2%80%AFpm-121x300.png","Rated : 90 Points
Tasted : Jan26
Alcohol : 12%
Price : $25
Closure : Screwcap
Drink : 2026  - 2027","7","https://www.winefront.com.au/author/kasia/page/7/"
"150069","Kasia Sobiesiak","Jericho Fumé Blanc 2024","15 January 2026","Ripe Sauvignon Blanc, with plenty of cashew nuttiness, glossy flow, and a medicinal mint-honey combo. This, along with a creamy quality, brings to mind the flavour of Butter-Menthol, which is most certainly a positive in my view. This is a particular style, executed with the purpose of texture and richness, but it doesn’t forget the balancing savouriness, gingery spice and bitter acidity bound in the finish.","93 Points","Jan26","13.5%","$27","Screwcap","2026","2029","2026  - 2029","Adelaide Hills | sauv blanc et al","https://www.winefront.com.au/category/regions/australia/south-australia/adelaide-hills/ | https://www.winefront.com.au/category/grapes/sauv-blanc-et-al/","http://www.jerichowines.com.au/","https://www.winefront.com.au/jericho-fume-blanc-2024/","0 Comments","https://www.winefront.com.au/wp-content/uploads/2026/01/jericho-fume-blanc-1-102x300.jpg","Rated : 93 Points
Tasted : Jan26
Alcohol : 13.5%
Price : $27
Closure : Screwcap
Drink : 2026  - 2029","7","https://www.winefront.com.au/author/kasia/page/7/"
"150048","Kasia Sobiesiak","Polperro Pinot Gris 2024","14 January 2026","Full perfume, spiced pear, warm nutty aromas, dripping with honey, but along come contrasting and balancing bitter herbs and bitter grapefruit. This wine carries medicinal sweetness with texture and a spicy-minty finish, complementing the lot on the way out. It’s a serious Gris and seriously well-made, too.","94 Points","Jan26","13.2%","$50","Screwcap","2026","2029","2026  - 2029","Mornington Peninsula | pinot gris/grigio","https://www.winefront.com.au/category/regions/australia/victoria/mornington-peninsula/ | https://www.winefront.com.au/category/grapes/pinot-grisgrigio/","http://www.polperrowines.com.au/","https://www.winefront.com.au/polperro-pinot-gris-2024/","0 Comments","https://www.winefront.com.au/wp-content/uploads/2026/01/polperro-pinot-gris-e1681874961400-129x300.png","Rated : 94 Points
Tasted : Jan26
Alcohol : 13.2%
Price : $50
Closure : Screwcap
Drink : 2026  - 2029","7","https://www.winefront.com.au/author/kasia/page/7/"
"150046","Kasia Sobiesiak","Pig In The House Organic Pinot Gris 2025","14 January 2026","Do you sometimes just want to drink a fresh, uncomplicated wine? I do enjoy a good 101 Pinot Grigio. Perfection in simplicity and no overthinking.

Pretty perfume, blossoms of sorts, lemon, apple and pear, sweet almond, maybe a note of green melon skin and sweet fennel too. Smooth texture, with fruitiness matching the notes of the perfume, perky acidity and a lick of salty-minty phenolic in the finish. It’s straightforward, but it works very well.","91 Points","Jan26","11%","$25","Screwcap","2026","2027","2026  - 2027","Central Ranges | pinot gris/grigio","https://www.winefront.com.au/category/regions/australia/new-south-wales/central-ranges/ | https://www.winefront.com.au/category/grapes/pinot-grisgrigio/","http://www.piginthehouse.com.au/","https://www.winefront.com.au/pig-in-the-house-organic-pinot-gris-2025/","0 Comments","https://www.winefront.com.au/wp-content/uploads/2026/01/Screenshot-2026-01-14-at-8.25.09%E2%80%AFpm-142x300.png","Rated : 91 Points
Tasted : Jan26
Alcohol : 11%
Price : $25
Closure : Screwcap
Drink : 2026  - 2027","7","https://www.winefront.com.au/author/kasia/page/7/"
"150044","Kasia Sobiesiak","Handpicked Wines Trial Batch Pinot Gris 2024","14 January 2026","#022F.

Opulent start, plenty of ripe fruit, nuts, honeyed blossoms. Baked pear and marzipan but also crunchy green apple, lime skin and guava. The palate feels leaner than the nose, with squeaky texture, steely acidity and a lick of salt. Energetic and assertive. Well put together.","93 Points","Dec25","13.4%","$49","Screwcap","2026","2029","2026  - 2029","riesling | Tasmania","https://www.winefront.com.au/category/grapes/riesling/ | https://www.winefront.com.au/category/regions/australia/tasmania/","http://www.handpickedwines.com.au/","https://www.winefront.com.au/handpicked-wines-trial-batch-pinot-gris-2024/","0 Comments","https://www.winefront.com.au/wp-content/uploads/2026/01/Screenshot-2026-01-14-at-8.20.42%E2%80%AFpm-125x300.png","Rated : 93 Points
Tasted : Dec25
Alcohol : 13.4%
Price : $49
Closure : Screwcap
Drink : 2026  - 2029","7","https://www.winefront.com.au/author/kasia/page/7/"
"150042","Kasia Sobiesiak","Quealy Balnarring Pinot Grigio 2025","14 January 2026","Very inviting perfume, red apple skin, rose water, mandarin skin, apple with oats; seemingly sweet at the start but all underpinned by stony savouriness and a zesty bite. Refreshing, lively palate, with ripe pear and toasted almonds lingering around with a gentle gingery spice and crunchy fennel. Balancing gracefully between the freshness of grigio and the ripeness of gris. Beautiful stuff. Captured so well.","93 Points","Jan26","13.4%","$36","Screwcap","2026","2028","2026  - 2028","Mornington Peninsula | pinot gris/grigio | Tip Top Tipple","https://www.winefront.com.au/category/regions/australia/victoria/mornington-peninsula/ | https://www.winefront.com.au/category/grapes/pinot-grisgrigio/ | https://www.winefront.com.au/category/top-wines/tip-top-tipple/","http://quealy.com.au/","https://www.winefront.com.au/quealy-balnarring-pinot-grigio-2025/","0 Comments","https://www.winefront.com.au/wp-content/uploads/2026/01/Screenshot-2024-12-15-at-5.14.57-pm-387x1024-1-113x300.png","Rated : 93 Points
Tasted : Jan26
Alcohol : 13.4%
Price : $36
Closure : Screwcap
Drink : 2026  - 2028","7","https://www.winefront.com.au/author/kasia/page/7/"
"150040","Kasia Sobiesiak","Shy Susan Pinot Gris 2024","14 January 2026","Pinot Gris noted as a ‘gris’ as opposed to ‘grigio’ in combination with a heavy bottle, makes one think of a ‘richer’ style. And it is, but does the bottle need to be so heavy?

Ripe yellow apples, quince, nuts in honey and a mix of spices and dried herbs. Designed with richness of texture and a rounder, fuller body. Pleasantly bitter finish of pink grapefruit and aniseed with a lick of rock salt that completed the flavour profile. Nicely done.","92 Points","Jan26","14%","$40","Screwcap","2026","2028","2026  - 2028","Alpine Valleys | pinot gris/grigio","https://www.winefront.com.au/category/regions/australia/victoria/alpine-valleys/ | https://www.winefront.com.au/category/grapes/pinot-grisgrigio/","http://www.shysusanwines.com.au/","https://www.winefront.com.au/shy-susan-pinot-gris-2024/","2 Comments","https://www.winefront.com.au/wp-content/uploads/2026/01/Screenshot-2026-01-14-at-8.07.21%E2%80%AFpm-149x300.png","Rated : 92 Points
Tasted : Jan26
Alcohol : 14%
Price : $40
Closure : Screwcap
Drink : 2026  - 2028","7","https://www.winefront.com.au/author/kasia/page/7/"
"150038","Kasia Sobiesiak","Jericho Pinot Grigio 2025","14 January 2026","Fresh aromas aplenty, blossoms, bitter lemon skin, apple, pear and almond, perhaps a hint of tropical guava and a savoury, earthy cucumber. The palate, as expected, is of the same freshness as the nose, crunchy with a pleasant herbaceous bitterness, yellow grapefruit and green almond. Spot on PG.","92 Points","Jan26","12.5%","$27","Screwcap","2026","2027","2026  - 2027","Adelaide Hills | pinot gris/grigio","https://www.winefront.com.au/category/regions/australia/south-australia/adelaide-hills/ | https://www.winefront.com.au/category/grapes/pinot-grisgrigio/","http://jerichowines.com.au/","https://www.winefront.com.au/jericho-pinot-grigio-2025/","0 Comments","https://www.winefront.com.au/wp-content/uploads/2026/01/Jericho-2021-Adealide-Hills-Pinot-Grigio-2-94x300.png","Rated : 92 Points
Tasted : Jan26
Alcohol : 12.5%
Price : $27
Closure : Screwcap
Drink : 2026  - 2027","7","https://www.winefront.com.au/author/kasia/page/7/"
"149994","Kasia Sobiesiak","CRFT K1 Vineyard Gewurztraminer 2025","08 January 2026","There’s varietal sweetness in the perfume here, no doubt, but the wine has balancing fresh fruit underneath, like longan and lychee. Candied zest and fresh ginger notes appear in the aftertaste. Well-composed wine, with lots of satisfying sweet notes but also plenty of refreshing green apple crunch and a pomelo/bitter almond finish.","91 Points","Dec25","13%","$32","Screwcap","2026","2028","2026  - 2028","Adelaide Hills | other whites","https://www.winefront.com.au/category/regions/australia/south-australia/adelaide-hills/ | https://www.winefront.com.au/category/grapes/other-whites/","http://www.crftwines.com.au/","https://www.winefront.com.au/crft-k1-vineyard-gewurztraminer-2025/","0 Comments","https://www.winefront.com.au/wp-content/uploads/2026/01/Screenshot-2026-01-08-at-5.51.02%E2%80%AFpm-152x300.png","Rated : 91 Points
Tasted : Dec25
Alcohol : 13%
Price : $32
Closure : Screwcap
Drink : 2026  - 2028","7","https://www.winefront.com.au/author/kasia/page/7/"
"149992","Kasia Sobiesiak","Shy Susan Gruner Veltliner 2024","08 January 2026","Gruner with some oak.

Ripe quince, yellow apple with a curious perfume of rose potpourri, pine needle and honeyed blossoms. The nose is rich, and that’s fine, but the palate is more on the sloshy, slightly loose side, however, with an engaging dusting of spice and some crunchiness.","89 Points","Dec25","13%","$40","Screwcap","2026","2028","2026  - 2028","Alpine Valleys | other whites","https://www.winefront.com.au/category/regions/australia/victoria/alpine-valleys/ | https://www.winefront.com.au/category/grapes/other-whites/","http://www.shysusanwines.com.au/","https://www.winefront.com.au/shy-susan-gruner-veltliner-2024/","0 Comments","https://www.winefront.com.au/wp-content/uploads/2026/01/Screenshot-2026-01-08-at-5.25.17%E2%80%AFpm-148x300.png","Rated : 89 Points
Tasted : Dec25
Alcohol : 13%
Price : $40
Closure : Screwcap
Drink : 2026  - 2028","7","https://www.winefront.com.au/author/kasia/page/7/"
"149990","Kasia Sobiesiak","Handpicked Wines Trial Batch Riesling 2025","08 January 2026","There was #007A from Mornington Peninsula in 2020 and now it’s #008B from Tasmania. I don’t know if there was/should be #007B and #008A, so I removed those barcode numbers from the main name, as they do my head in. Also, “off dry” on the label misled me. The acidity in this wine is very high and my taste buds didn’t perceive ANY residual sweetness. But then again, I can be wrong.

Citrus to the front, with hints of greenness, like mint, pine needle, lemongrass, a touch of lavender and flint. Apple and pear are right behind. Slippery texture with turbo acid that curls up the tongue, leaving a limey, salt-on-lemon and green grapefruit finish. The wine has a very nice floral perfume, and along with the fierce acidity, it speaks true freshness.","92 Points","Dec25","11.9%","$39","Screwcap","2026","2030+","2026  - 2030+","riesling | Tasmania","https://www.winefront.com.au/category/grapes/riesling/ | https://www.winefront.com.au/category/regions/australia/tasmania/","http://www.handpickedwines.com.au/","https://www.winefront.com.au/handpicked-wines-trial-batch-riesling-2025/","0 Comments","https://www.winefront.com.au/wp-content/uploads/2026/01/Screenshot-2026-01-08-at-5.06.47%E2%80%AFpm-95x300.png","Rated : 92 Points
Tasted : Dec25
Alcohol : 11.9%
Price : $39
Closure : Screwcap
Drink : 2026  - 2030+","7","https://www.winefront.com.au/author/kasia/page/7/"
"149975","Kasia Sobiesiak","Handpicked Trial Batch Sauvignon Blanc Semillon 2025","07 January 2026","Batch #025F. Trail batch as a regular label. When does a trial become a standard?

Pretty pungent start. Lemongrass and ginger, guava and green mango, mint and some waxy tones. Nashi pear, white nectarine and green grapefruit. If you’re looking for a very fresh, crunchy, acidic wine, you’ve found it.","89 Points","Dec25","13.1%","$39","Screwcap","2026","2027","2026  - 2027","sauv blanc et al | semillon et al | Tasmania","https://www.winefront.com.au/category/grapes/sauv-blanc-et-al/ | https://www.winefront.com.au/category/grapes/semillon-et-al/ | https://www.winefront.com.au/category/regions/australia/tasmania/","http://www.handpickedwines.com.au/","https://www.winefront.com.au/handpicked-trial-batch-sauvignon-blanc-semillon-2025/","0 Comments","https://www.winefront.com.au/wp-content/uploads/2026/01/Screenshot-2026-01-07-at-9.04.34%E2%80%AFpm-135x300.png","Rated : 89 Points
Tasted : Dec25
Alcohol : 13.1%
Price : $39
Closure : Screwcap
Drink : 2026  - 2027","7","https://www.winefront.com.au/author/kasia/page/7/"
"149973","Kasia Sobiesiak","Handpicked Trial Batch Cabernet Rose 2025","07 January 2026","Batch #013G. Cabernet rosé.

Peaches and cream, salty pastry, peach blossoms and roses. That’s for the start but the wine is mostly savoury and zesty with plenty of herbaceous notes. It has an Aperol bitter orange and green olive crunch. Sleek texture with balance and mouthwatering composition. A nod to Provence is what came out of this trial.","93 Points","Dec25","12.9%","$39","Screwcap","2026","2029","2026  - 2029","Rose | Yarra Valley","https://www.winefront.com.au/category/grapes/rose/ | https://www.winefront.com.au/category/regions/australia/victoria/yarra-valley/","http://www.handpickedwines.com.au/","https://www.winefront.com.au/handpicked-trial-batch-cabernet-rose-2025/","0 Comments","https://www.winefront.com.au/wp-content/uploads/2026/01/Screenshot-2026-01-07-at-8.46.50%E2%80%AFpm-125x300.png","Rated : 93 Points
Tasted : Dec25
Alcohol : 12.9%
Price : $39
Closure : Screwcap
Drink : 2026  - 2029","7","https://www.winefront.com.au/author/kasia/page/7/"
"149943","Kasia Sobiesiak","Even Keel Rose 2025","05 January 2026","A blend of Zweigelt, Trousseau, Petit Verdot, Malbec, Shiraz, Cabernet Franc, Chenin Blanc and Viognier.

Mixed berries, watermelon, guava and a hint of red liquorice. It’s a rather sweet-scented start, with citrus and sour cranberry flavour and acidity. The wine is simple, straightforward, with a bitter grapefruit and mint finish, with a trace of spice. OK.","87 Points","Dec25","12.5%","$35","Screwcap","2026","2027","2026  - 2027","Mornington Peninsula | Rose","https://www.winefront.com.au/category/regions/australia/victoria/mornington-peninsula/ | https://www.winefront.com.au/category/grapes/rose/","http://polperrowines.com.au/","https://www.winefront.com.au/even-keel-rose-2025/","0 Comments","https://www.winefront.com.au/wp-content/uploads/2026/01/even-keel-rose-2021-363x1024-1-106x300.jpg","Rated : 87 Points
Tasted : Dec25
Alcohol : 12.5%
Price : $35
Closure : Screwcap
Drink : 2026  - 2027","7","https://www.winefront.com.au/author/kasia/page/7/"
"149738","Kasia Sobiesiak","Shy Susan Riesling 2024","05 January 2026","A little closed to start. It smells of ripe fruit, apples and pears, maybe a rose water note, sweet citrus and a drizzle of honey. There’s something nutty going on here, perhaps a note of warm banana bread. There’s a lively dose of spice on the palate along with a slippery and limey acidity. The wine relaxes in the finish, with a smooth, bitter-sweet citrus note.","92 Points","Dec25","13%","$40","Screwcap","2026","2030","2026  - 2030","King Valley | riesling","https://www.winefront.com.au/category/regions/australia/victoria/king-valley/ | https://www.winefront.com.au/category/grapes/riesling/","http://www.shysusanwines.com.au/","https://www.winefront.com.au/shy-susan-riesling-2024/","0 Comments","https://www.winefront.com.au/wp-content/uploads/2025/12/shy-susan-riesling-84x300-1.jpg","Rated : 92 Points
Tasted : Dec25
Alcohol : 13%
Price : $40
Closure : Screwcap
Drink : 2026  - 2030","7","https://www.winefront.com.au/author/kasia/page/7/"
"149899","Kasia Sobiesiak","Marchand & Burch Villages Rose 2025","04 January 2026","Strawberries and cream, cinnamon on watermelon and pink grapefruit, red apple perfume and some lychee. The wine is glossy, sleek, with acidity matching and balancing the fruitiness upfront and bitter-spice in the back. Good rose vibes.","91 Points","Dec25","12.5%","$28","Screwcap","2026","2027","2026  - 2027","Great Southern | Rose","https://www.winefront.com.au/category/regions/australia/western-australia/great-southern/ | https://www.winefront.com.au/category/grapes/rose/","http://www.burchfamilywines.com.au/","https://www.winefront.com.au/marchand-burch-villages-rose-2025/","0 Comments","https://www.winefront.com.au/wp-content/uploads/2026/01/Screenshot-2026-01-04-at-10.23.30%E2%80%AFpm-165x300.png","Rated : 91 Points
Tasted : Dec25
Alcohol : 12.5%
Price : $28
Closure : Screwcap
Drink : 2026  - 2027","7","https://www.winefront.com.au/author/kasia/page/7/"
"149897","Kasia Sobiesiak","Aeon Ferrosol 2024","04 January 2026","100% Syrah from the red soils of the Hermitage Lodge vineyard on Gillards Road in Pokolbin.

The power of fruit shines through. It’s a beautiful start: ripe mulberry, raspberry and blueberry. Fresh, purple skins, a note of violet. The palate is savoury, meaty, chalky, with sage, cloves, cedar and blood orange acidity. There’s plenty of spice carried on by dark chocolate tannins. The palate is dry with solid concentration and length. This wine offers freshness, energy and depth of flavour. Lovely stuff.","93 Points","Dec","13.5%","$45","Diam","2026","2032","2026  - 2032","Hunter Valley | shiraz et al","https://www.winefront.com.au/category/regions/australia/new-south-wales/hunter-valley/ | https://www.winefront.com.au/category/grapes/shiraz-et-al/","http://www.aeonwines.com/","https://www.winefront.com.au/aeon-ferrosol-2024/","0 Comments","https://www.winefront.com.au/wp-content/uploads/2026/01/Screenshot-2026-01-04-at-9.58.07%E2%80%AFpm-130x300.png","Rated : 93 Points
Tasted : Dec
Alcohol : 13.5%
Price : $45
Closure : Diam
Drink : 2026  - 2032","7","https://www.winefront.com.au/author/kasia/page/7/"
"149895","Kasia Sobiesiak","Aeon Light Dry Red 2024","04 January 2026","Syrah/Pinot Noir as 70/30.

Woody, bunchy, black olive led perfume. Plummy wine also with notes of raspberries and mulberries, some decent chewiness and a dose of freshly cracked black pepper. There’s a notion of amaro top note here and chocolate tannins, but the wine is very energetic and indeed lightly framed. Nice drink.","91 Points","Dec25","13%","$35","Diam","2026","2029","2026  - 2029","Hunter Valley | pinot noir | shiraz et al","https://www.winefront.com.au/category/regions/australia/new-south-wales/hunter-valley/ | https://www.winefront.com.au/category/grapes/pinot-noir/ | https://www.winefront.com.au/category/grapes/shiraz-et-al/","http://www.aeonwines.com/","https://www.winefront.com.au/aeon-light-dry-red-2024/","0 Comments","https://www.winefront.com.au/wp-content/uploads/2026/01/Screenshot-2026-01-04-at-9.50.15%E2%80%AFpm-111x300.png","Rated : 91 Points
Tasted : Dec25
Alcohol : 13%
Price : $35
Closure : Diam
Drink : 2026  - 2029","7","https://www.winefront.com.au/author/kasia/page/7/"
"149893","Kasia Sobiesiak","Quealy Pobblebonk Field Blend 2025","04 January 2026","This is such a good blend that I don’t even consider what grapes made it. I think that might be the whole point.

Meadow flowers and a mix of herbs, fresh chamomile, wild fennel, honeysuckle, lemon blossom, peach skin. Many pretty, detailed aromas that come together into one harmonious perfume. The palate is bitey, there’s a solid pinch of spicy ginger and a medicinal bitter lick. It’s a very well put-together aromatic, punchy blend with character.","93 Points","Dec25","13.2%","$35","Screwcap","2026","2029","2026  - 2029","Mornington Peninsula | other whites | Tip Top Tipple","https://www.winefront.com.au/category/regions/australia/victoria/mornington-peninsula/ | https://www.winefront.com.au/category/grapes/other-whites/ | https://www.winefront.com.au/category/top-wines/tip-top-tipple/","http://quealy.com.au/","https://www.winefront.com.au/quealy-pobblebonk-field-blend-2025/","0 Comments","https://www.winefront.com.au/wp-content/uploads/2026/01/Screenshot-2025-01-02-at-11.46.34-pm-434x1024-1-127x300.png","Rated : 93 Points
Tasted : Dec25
Alcohol : 13.2%
Price : $35
Closure : Screwcap
Drink : 2026  - 2029","7","https://www.winefront.com.au/author/kasia/page/7/"
"149996","Kasia Sobiesiak","Even Keel Cortese 2024","01 January 2026","It starts in a honeyed way, it smells sweet with ripe yellow fruit, apple and quince. Adding some waxy skins, bitter almond and ginger for complexity. Palate has a positively bitter, slightly stony feel to it, perhaps a touch diffuse to finish but it’s a nice wine overall with a light frame and delicate texture.","89 Points","Dec25","10.7%","$39","Screwcap","2026","2027","2026  - 2027","Mornington Peninsula | other whites","https://www.winefront.com.au/category/regions/australia/victoria/mornington-peninsula/ | https://www.winefront.com.au/category/grapes/other-whites/","http://www.polperrowines.com.au/","https://www.winefront.com.au/even-keel-cortese-2024/","1 Comment","","Rated : 89 Points
Tasted : Dec25
Alcohol : 10.7%
Price : $39
Closure : Screwcap
Drink : 2026  - 2027","7","https://www.winefront.com.au/author/kasia/page/7/"
"149832","Kasia Sobiesiak","Quealy Turbul Friulano 2023","28 December 2025","Oxidative handling is an important part of the winemaking for the Turbul range, giving the wines stability for the future but also extended life after opening. Records for Friulano on TWF go back to the 2013 vintage. Curious how these wines travelled over the decade. Consistently good wine – here. But also the Turbul range as a whole – here.

Very medicinal wine, with plenty of crushed aromatic seeds, fennel, cumin, cloves, and coriander. Dusty nose, and spicy palate, with ginger dipped in wild honey and acidity to balance. A hint of lychee and pink grapefruit found in the mix, too. This wine packs a flavourful amaro shot on the palate and it may be much to some. It’s shamelessly bitter and spicy, as if taken straight from the medicine cabinet. Love it.","93 Points","Dec25","13.5%","$40","Diam","2026","2031","2026  - 2031","Mornington Peninsula | other whites","https://www.winefront.com.au/category/regions/australia/victoria/mornington-peninsula/ | https://www.winefront.com.au/category/grapes/other-whites/","http://www.quealy.com.au/","https://www.winefront.com.au/quealy-turbul-friulano-2023/","0 Comments","https://www.winefront.com.au/wp-content/uploads/2025/12/Screenshot-2025-12-28-at-9.52.27%E2%80%AFpm-141x300.png","Rated : 93 Points
Tasted : Dec25
Alcohol : 13.5%
Price : $40
Closure : Diam
Drink : 2026  - 2031","8","https://www.winefront.com.au/author/kasia/page/8/"
"149830","Kasia Sobiesiak","Fetherston Magnolia Albarino 2024","28 December 2025","Mandarins and peaches with an oregano note. It has a green orange zest with a musky veil and a hint of aniseed going on too. Acidity is that of bitter citrus, a bit pithy and bitter in the finish, but all lively and perky. Nice wine. From the ‘good summer wine’ cohort.","90 Points","Dec25","12.5%","$28","Screwcap","2025","2027","2025  - 2027","King Valley | other whites","https://www.winefront.com.au/category/regions/australia/victoria/king-valley/ | https://www.winefront.com.au/category/grapes/other-whites/","http://www.fetherstonwine.com.au/","https://www.winefront.com.au/fetherston-magnolia-albarino-2024/","0 Comments","https://www.winefront.com.au/wp-content/uploads/2025/12/fetherston-albarino-109x300.png","Rated : 90 Points
Tasted : Dec25
Alcohol : 12.5%
Price : $28
Closure : Screwcap
Drink : 2025  - 2027","8","https://www.winefront.com.au/author/kasia/page/8/"
"149817","Kasia Sobiesiak","Fetherston Iris Chardonnay 2023","26 December 2025","Peach cobbler, green mango skin, lemon blossom, flint and toasted cashews. This wine has a lot of vibrant, lifted aromas, plenty of fruit and blossoms with a refreshing line of green citrus zest and mint. Similar energy on the palate, with perky acidity, pinching spice and a salty-minerally finish. This is very much alive and well. Mouthwatering!","92 Points","Dec25","12.9%","$32","Screwcap","2025","2028","2025  - 2028","chardonnay | Yarra Valley","https://www.winefront.com.au/category/grapes/chardonnay/ | https://www.winefront.com.au/category/regions/australia/victoria/yarra-valley/","http://www.fetherstonwine.com.au/","https://www.winefront.com.au/fetherston-chardonnay-iris-2023/","0 Comments","https://www.winefront.com.au/wp-content/uploads/2025/12/fethiris-1-124x300.jpg","Rated : 92 Points
Tasted : Dec25
Alcohol : 12.9%
Price : $32
Closure : Screwcap
Drink : 2025  - 2028","8","https://www.winefront.com.au/author/kasia/page/8/"
"149815","Kasia Sobiesiak","Quealy Feri Maris Chardonnay 2024","26 December 2025","From the home vineyard of Quealy’s. Vines established in 1982. Two barriques made.

Powerful perfume, that of Chardonnay, no doubt. Ripe fruit, spicy oak, and creamy lees are the main building blocks. The detail comes in as lemon curd, almond nougat, flint, peach blossom, lemon verbena, pistachios, cinnamon on custard and plenty of zesty citrus and crunchy apples. The wine is vibrant, fresh, with an oxymoronic soft-but-firm stony texture, finishing with aniseed and mint. Still pretty young, but you can read the great concentration, drive and composition easily from the first line of perfume and flavour. It’s all classy and delicious.","95 Points","Dec25","12.8%","$75","Screwcap","2027","2037","2027  - 2037","chardonnay | Mornington Peninsula","https://www.winefront.com.au/category/grapes/chardonnay/ | https://www.winefront.com.au/category/regions/australia/victoria/mornington-peninsula/","http://quealy.com.au/","https://www.winefront.com.au/quealy-feri-maris-chardonnay-2024/","0 Comments","https://www.winefront.com.au/wp-content/uploads/2025/12/Screenshot-2025-12-26-at-9.28.41%E2%80%AFpm-105x300.png","Rated : 95 Points
Tasted : Dec25
Alcohol : 12.8%
Price : $75
Closure : Screwcap
Drink : 2027  - 2037","8","https://www.winefront.com.au/author/kasia/page/8/"
"149791","Kasia Sobiesiak","Jericho Bracken Vineyard Grenache 2023","23 December 2025","From the Maslin Sands of Blewitt Springs that aren’t just sand dunes…

Beautifully expressive, perfumed wine, with plenty of cinnamon and sage, nutmeg and peppery spice. There’s a hint of sweet tobacco, cedarwood and warm cherry wood smoke. The palate is glossy and smooth, with stony tannins and pure fruit that deliver a long-lasting finish. A beautiful and confident expression of Grenache.","94 Points","Dec25","14.5%","$42","Screwcap","2027","2032","2027  - 2032","grenache et al | McLaren Vale | Top Value","https://www.winefront.com.au/category/grapes/grenache-et-al/ | https://www.winefront.com.au/category/regions/australia/south-australia/mclaren-vale/ | https://www.winefront.com.au/category/top-wines/top-value/","http://www.jerichowines.com.au/","https://www.winefront.com.au/jericho-bracken-vineyard-grenache-2023/","0 Comments","https://www.winefront.com.au/wp-content/uploads/2025/12/Screenshot-2025-12-23-at-1.58.25%E2%80%AFpm-131x300.png","Rated : 94 Points
Tasted : Dec25
Alcohol : 14.5%
Price : $42
Closure : Screwcap
Drink : 2027  - 2032","8","https://www.winefront.com.au/author/kasia/page/8/"
"149787","Kasia Sobiesiak","Jericho Tempranillo 2024","23 December 2025","Very consistent wine, previous vintages here. I don’t usually reach for a Tempranillo as my first choice, not second, maybe even not third, but this is very well made and I appreciate that.

It starts with a fresh, sweet note, a la petrichor perhaps, developing into stewed compote cherries with bitter skins. It has appealing cinnamon/black pepper spice and a bit of bloody meat and liquorice in dark chocolate with a light amaro, cherry pip thing going on. It’s medium-bodied with quiet complexity, easy to like and delivering flavour satisfaction. Ticks a lot of boxes. All up, a nice wine.","92 Points","Dec25","14%","$27","Screwcap","2025","2027","2025  - 2027","Adelaide Hills | tempranillo et al","https://www.winefront.com.au/category/regions/australia/south-australia/adelaide-hills/ | https://www.winefront.com.au/category/grapes/tempranillo-et-al/","http://www.jerichowines.com.au/","https://www.winefront.com.au/jericho-tempranillo-2024/","0 Comments","https://www.winefront.com.au/wp-content/uploads/2025/12/Screenshot-2025-12-23-at-1.53.40%E2%80%AFpm-105x300.png","Rated : 92 Points
Tasted : Dec25
Alcohol : 14%
Price : $27
Closure : Screwcap
Drink : 2025  - 2027","8","https://www.winefront.com.au/author/kasia/page/8/"
"149784","Kasia Sobiesiak","CRFT The Arranmore Vineyard Gruner Veltliner 2025","23 December 2025","Savoury-herbaceous start, dusty, earthy tickle, honeysuckle, jasmine, green pear, wax, a crunch of green asparagus, pickled lemon, watermelon rind, bitter citrus acidity with bitter oils, oregano and green grapefruit in the back end. The wine has a smooth, detailed texture; it’s very fresh and perky with a green almond-phenolic finish. Winning on the refreshment factor.","92 Points","Dec25","12.5%","$33","Screwcap","2026","2028","2026  - 2028","Adelaide Hills | other whites","https://www.winefront.com.au/category/regions/australia/south-australia/adelaide-hills/ | https://www.winefront.com.au/category/grapes/other-whites/","http://crftwines.com.au/","https://www.winefront.com.au/crft-the-arranmore-vineyard-gruner-veltliner-2025/","0 Comments","https://www.winefront.com.au/wp-content/uploads/2025/12/crft-arranmore-gruner-veltliner-winefront-1-99x300.jpg","Rated : 92 Points
Tasted : Dec25
Alcohol : 12.5%
Price : $33
Closure : Screwcap
Drink : 2026  - 2028","8","https://www.winefront.com.au/author/kasia/page/8/"
"149771","Kasia Sobiesiak","CRFT The K1 Vineyard Gruner Veltliner 2025","23 December 2025","Light golden colour with green reflections. Honeydew melon start, then green toffee apple, juicy and crunchy inside, speared with an herbaceous lemongrass note and ginger. Acidity is through the roof, with a fine texture of spice and aromatic herbs. Great drive of flavour, with a lingering bitter almond finish. More of a riper and what feels like a more serious take on Gruner with substance and body but retaining the varietal freshness.","93 Points","Dec25","13%","$33","Screwcap","2026","2028","2026  - 2028","Adelaide Hills | other whites","https://www.winefront.com.au/category/regions/australia/south-australia/adelaide-hills/ | https://www.winefront.com.au/category/grapes/other-whites/","http://www.crftwines.com.au/","https://www.winefront.com.au/crft-the-k1-vineyard-gruner-veltliner-2025/","2 Comments","https://www.winefront.com.au/wp-content/uploads/2025/12/k1single-e1701319804676-90x300.png","Rated : 93 Points
Tasted : Dec25
Alcohol : 13%
Price : $33
Closure : Screwcap
Drink : 2026  - 2028","8","https://www.winefront.com.au/author/kasia/page/8/"
"149769","Kasia Sobiesiak","Kerri Greens Samphire Sauvignon Blanc 2025","23 December 2025","Ripe fruit, quince, a note of pink grapefruit, gentle touches of tropical aromas, and honeyed cashews. Texture is smooth with ginger lemon tea feel. All in place, all in balance. A version of SB that aims for body and texture, and an addition of nuttiness to the herbaceous grape but doesn’t forget to be playful and fresh at the same time. Spot on.","92 Points","Dec25","12.5%","$34","Screwcap","2026","2027","2026  - 2027","Mornington Peninsula | sauv blanc et al | Tip Top Tipple","https://www.winefront.com.au/category/regions/australia/victoria/mornington-peninsula/ | https://www.winefront.com.au/category/grapes/sauv-blanc-et-al/ | https://www.winefront.com.au/category/top-wines/tip-top-tipple/","http://kerrigreens.com/","https://www.winefront.com.au/kerri-greens-samphire-sauvignon-blanc-2025/","0 Comments","https://www.winefront.com.au/wp-content/uploads/2025/12/Screenshot-2025-12-23-at-12.47.09%E2%80%AFpm-84x300.png","Rated : 92 Points
Tasted : Dec25
Alcohol : 12.5%
Price : $34
Closure : Screwcap
Drink : 2026  - 2027","8","https://www.winefront.com.au/author/kasia/page/8/"
"149741","Kasia Sobiesiak","Lowe Vermentino 2025","20 December 2025","Very herbaceous, very floral wine. Lots of blossoms, jasmine, lemongrass, variety of herbs. Underneath, firm nectarine, green pear, sour yellow apple. It’s a bit chalky, it touches lightly, in a very fresh, zingy and linear way. Wine of refreshment.","91 Points","Dec25","11.5%","$42","Diam","2025","2027","2025  - 2027","Mudgee | other whites","https://www.winefront.com.au/category/regions/australia/new-south-wales/mudgee/ | https://www.winefront.com.au/category/grapes/other-whites/","http://www.lowewine.com.au/","https://www.winefront.com.au/lowe-vermentino-2025/","0 Comments","https://www.winefront.com.au/wp-content/uploads/2025/12/Screenshot-2025-12-20-at-7.16.05%E2%80%AFpm-149x300.png","Rated : 91 Points
Tasted : Dec25
Alcohol : 11.5%
Price : $42
Closure : Diam
Drink : 2025  - 2027","8","https://www.winefront.com.au/author/kasia/page/8/"
"149739","Kasia Sobiesiak","Polperro Chenin Blanc 2024","20 December 2025","Polperro says: “From our new vineyard in Stanleys Road Merricks, these vines were planted in 2020 from 2 clones from Stellenbosch and 2 clones from the Loire. They are planted on a west-facing slope with rows orientated the same way.”

Very appetising start, delivering zest, bitter citrus, lemon curd, peanuts in husk, rock salt, ginger, apple, quince and bitter herbs. The wine has a rounded flavour but with a minerally texture, spicy traction, pomelo acidity, pink grapefruit finish and a minty/aniseed cooling aftertaste. This is pretty delicious!","93 Points","Dec25","12.7%","$50","Diam","2025","2029","2025  - 2029","Mornington Peninsula | other whites","https://www.winefront.com.au/category/regions/australia/victoria/mornington-peninsula/ | https://www.winefront.com.au/category/grapes/other-whites/","http://www.polperrowines.com.au/","https://www.winefront.com.au/polperro-chenin-blanc-2024/","0 Comments","https://www.winefront.com.au/wp-content/uploads/2025/12/Screenshot-2025-12-20-at-6.55.16%E2%80%AFpm-135x300.png","Rated : 93 Points
Tasted : Dec25
Alcohol : 12.7%
Price : $50
Closure : Diam
Drink : 2025  - 2029","8","https://www.winefront.com.au/author/kasia/page/8/"
"149736","Kasia Sobiesiak","Kerri Greens Rose de Mornington 2025","19 December 2025","Sour red cherries, rhubarb, tart cranberries, red apple and strawberry. There’s a sweet cordial note mixed with salty green olive lift, which comes together well and provides a tasty, balanced combination. The wine is slurpy, glossy and with a Pink Lady apple acidity and crunch, and a pinch of spice with bitter almond to close.","90 Points","Dec25","12.5%","$34","Screwcap","2025","2027","2025  - 2027","Mornington Peninsula | Rose","https://www.winefront.com.au/category/regions/australia/victoria/mornington-peninsula/ | https://www.winefront.com.au/category/grapes/rose/","http://kerrigreens.com/","https://www.winefront.com.au/kerri-greens-rose-de-mornington-2025/","0 Comments","https://www.winefront.com.au/wp-content/uploads/2025/12/Screenshot-2025-12-19-at-9.40.51%E2%80%AFpm-107x300.png","Rated : 90 Points
Tasted : Dec25
Alcohol : 12.5%
Price : $34
Closure : Screwcap
Drink : 2025  - 2027","8","https://www.winefront.com.au/author/kasia/page/8/"
"149734","Kasia Sobiesiak","CRFT Mencia Rose 2025","19 December 2025","Wonderfully savoury start, and floral, lemon blossom, jasmine, roses, bitter citrus and guava. It’s a very aromatic rose, full of different citrus, zesty notes, bitter herbs, green almond note and a green olive crunch all spread on a stony-slatey texture. Juicy, fresh, thirst-quenching wine. Lovely.","93 Points","Dec25","12.5%","$32","Screwcap","2025","2028","2025  - 2028","Barossa Valley | Rose","https://www.winefront.com.au/category/regions/australia/south-australia/barossa-valley/ | https://www.winefront.com.au/category/grapes/rose/","http://crftwines.com.au/","https://www.winefront.com.au/crft-mencia-rose-2025/","0 Comments","https://www.winefront.com.au/wp-content/uploads/2025/12/Screenshot-2025-12-19-at-9.38.22%E2%80%AFpm-100x300.png","Rated : 93 Points
Tasted : Dec25
Alcohol : 12.5%
Price : $32
Closure : Screwcap
Drink : 2025  - 2028","8","https://www.winefront.com.au/author/kasia/page/8/"
"149717","Kasia Sobiesiak","Vinya Vella Bush Vine Grenache Rosé 2025","18 December 2025","This is a complete wine with a sense of purpose. It has a scent of bitter-sweet red apple, pink peach, rhubarb, a hint of liquorice and a Campari theme—the combination of bitter orange, cherry and sage. Palate follows the nose, with plenty of red apple acidity, a crunchy, rose water mouth-perfume and a fine dusting of cinnamon and white pepper. Despite the spice, it has a cool flow with a beautiful concentration of flavour with fine and smooth slate-like tannins. The whole thing hits upfront, then dips and peaks in the back again. Great composition.","95 Points","Dec25","12.5%","$32","Screwcap","2025","2028+","2025  - 2028+","Barossa Valley | Rose | Tip Top Tipple | Top Value | Top Wines","https://www.winefront.com.au/category/regions/australia/south-australia/barossa-valley/ | https://www.winefront.com.au/category/grapes/rose/ | https://www.winefront.com.au/category/top-wines/tip-top-tipple/ | https://www.winefront.com.au/category/top-wines/top-value/ | https://www.winefront.com.au/category/top-wines/","http://www.vinyavella.com/","https://www.winefront.com.au/vinya-vella-bush-vine-grenache-rose-2025/","8 Comments","https://www.winefront.com.au/wp-content/uploads/2025/12/vinya-vella-grenache-rose-2024-112x300.jpeg","Rated : 95 Points
Tasted : Dec25
Alcohol : 12.5%
Price : $32
Closure : Screwcap
Drink : 2025  - 2028+","8","https://www.winefront.com.au/author/kasia/page/8/"
"149715","Kasia Sobiesiak","Foreign Friends Ada Rose 2025","18 December 2025","I can’t see ‘Ada’ written on the label. But it is. Nebbiolo in action.

It’s a quite herbaceous start, mint and pea shoots, showing sour berries underneath and a watermelon rind note. Red currants and cranberries lend the wine linear, tongue-twisting acidity that comes along with a tickling earthy bitterness. The wine is tight and sleek, with a light frame and a bit of sappy texture, but overall smoothly driven by the acidity. One of those more savoury, crunchy wines, with slightly underripe tones but some pretty detail too.","89 Points","Dec25","12.5%","$30","Diam","2026","2027","2026  - 2027","King Valley | Rose","https://www.winefront.com.au/category/regions/australia/victoria/king-valley/ | https://www.winefront.com.au/category/grapes/rose/","http://www.foreignfriends.com.au/","https://www.winefront.com.au/foreign-friends-ada-rose-2025/","0 Comments","https://www.winefront.com.au/wp-content/uploads/2025/12/Screenshot-2025-12-18-at-4.07.27%E2%80%AFpm-185x300.png","Rated : 89 Points
Tasted : Dec25
Alcohol : 12.5%
Price : $30
Closure : Diam
Drink : 2026  - 2027","8","https://www.winefront.com.au/author/kasia/page/8/"
"149713","Kasia Sobiesiak","Jericho Rosé 2025","18 December 2025","Peaches and cream, mandarin skins, and something a little fleshier and sweeter like persimmon fruit. This is a very inviting start, with summery fruit and flowery scents amid yoghurty swirls. Juicy flavours, with chalky traction, ripe citrus-driven acidity, a hint of mint and a little bit of balancing bitterness. All clean-cut, joyful, well made. Happy days!","92 Points","Dec25","12.5%","$27","Screwcap","2026","2027","2026  - 2027","McLaren Vale | Rose","https://www.winefront.com.au/category/regions/australia/south-australia/mclaren-vale/ | https://www.winefront.com.au/category/grapes/rose/","http://www.jerichowines.com.au/","https://www.winefront.com.au/jericho-rose-2025/","1 Comment","https://www.winefront.com.au/wp-content/uploads/2025/12/jericho-rose-2022-fx-5-80x300.png","Rated : 92 Points
Tasted : Dec25
Alcohol : 12.5%
Price : $27
Closure : Screwcap
Drink : 2026  - 2027","8","https://www.winefront.com.au/author/kasia/page/8/"
"149711","Kasia Sobiesiak","Quealy Turbul Ribolla Gialla 2022","18 December 2025","Glossy golden colour and plenty going on. The perfume is dense and honeyed but the wine has a savoury profile with chewy bitterness and much more to uncover. Toasted spices, cumin, anise, and coriander seeds. Red apple, brown pear, quince. There are waxy and woolly elements in this wine too. In texture, it’s hazelnut skins, with minty coolness and ginger warmth. This is a rich, characterful wine with layers that come together to impress.","95 Points","Dec25","13.5%","$45","Diam","2025","2030","2025  - 2030","Mornington Peninsula | other whites | Tip Top Tipple | Top Wines","https://www.winefront.com.au/category/regions/australia/victoria/mornington-peninsula/ | https://www.winefront.com.au/category/grapes/other-whites/ | https://www.winefront.com.au/category/top-wines/tip-top-tipple/ | https://www.winefront.com.au/category/top-wines/","http://quealy.com.au/","https://www.winefront.com.au/quealy-turbul-ribolla-gialla-2022/","0 Comments","https://www.winefront.com.au/wp-content/uploads/2025/12/Turbul-Ribolla-86x300.png","Rated : 95 Points
Tasted : Dec25
Alcohol : 13.5%
Price : $45
Closure : Diam
Drink : 2025  - 2030","8","https://www.winefront.com.au/author/kasia/page/8/"
"149705","Kasia Sobiesiak","Sentio Aligote 2025","18 December 2025","I must admit, I was looking forward to tasting this wine. Let’s go!

This wine will have your attention with the faintest first whiff. It smells delicious! Lemon tart, lemon meringue, apple and oat biscuits, notes of nutty pastry, salty pistachios. Then plenty of zest, pink grapefruit, pomelo, a touch of healthy bitterness, and spicy ginger. This wine has acidity for a spine, minerally texture and a great flavour drive, all in one hit. It slides, it glides, it twists and pinches, but most importantly—it satisfies.","95 Points","Dec25","12.5%","$38","Diam","2025","2030","2025  - 2030","King Valley | other whites | Tip Top Tipple | Top Value | Top Wines","https://www.winefront.com.au/category/regions/australia/victoria/king-valley/ | https://www.winefront.com.au/category/grapes/other-whites/ | https://www.winefront.com.au/category/top-wines/tip-top-tipple/ | https://www.winefront.com.au/category/top-wines/top-value/ | https://www.winefront.com.au/category/top-wines/","http://www.sentiowines.com.au/","https://www.winefront.com.au/sentio-aligote-2025/","9 Comments","https://www.winefront.com.au/wp-content/uploads/2025/12/Screenshot-2025-10-09-at-10.44.47-pm-435x1024-1-127x300.png","Rated : 95 Points
Tasted : Dec25
Alcohol : 12.5%
Price : $38
Closure : Diam
Drink : 2025  - 2030","8","https://www.winefront.com.au/author/kasia/page/8/"
"149693","Kasia Sobiesiak","Camille Mélinand Fleurie 2023","17 December 2025","Importer: Ethereal Wines

Black cherry, red plum and mulberry base, with just a tiny edge of decaying element, which adds interest and savouriness to the ripeness. On the periferies of the fruit, you’ll find fresh mint, a cinnamon stick, violets and a light dusting of white pepper. The flavour runs deep, with chalky tannins, akin in texture to goat cheese (pardon maybe slightly odd comparison). It all comes together as well-structured, balanced, engaging wine with character and drive.","95 Points","Dec25","13%","$63","Cork","2025","2030+","2025  - 2030+","Beaujolais | other reds","https://www.winefront.com.au/category/regions/france/beaujolais/ | https://www.winefront.com.au/category/grapes/other-reds/","","https://www.winefront.com.au/camille-melinand-fleurie-2023/","0 Comments","https://www.winefront.com.au/wp-content/uploads/2025/12/Screenshot-2025-08-20-at-12.44.00%E2%80%AFpm-97x300-1.png","Rated : 95 Points
Tasted : Dec25
Alcohol : 13%
Price : $63
Closure : Cork
Drink : 2025  - 2030+","8","https://www.winefront.com.au/author/kasia/page/8/"
"149696","Kasia Sobiesiak","Camille Mélinand Chiroubles 2023","17 December 2025","Importer: Ethereal Wines

This immediately engages the nose. Curiosity piques. What is it? The perfume. The scene here is intriguing. Pretty things: the combination of forest fruit, fresh rose petals, garden herbs but then also something darker like drying blood, wet rocks, dead flowers and amaro bitterness. The wine is quite light or medium-bodied max, sleek, with linear acidity, savoury profile, pinch of spice and fine but textural tannins. Lovely stuff, perhaps just missing a bit more flavour drive in the back.","94 Points","Dec25","12.5%","$66","Cork","2025","2030","2025  - 2030","Beaujolais | other reds","https://www.winefront.com.au/category/regions/france/beaujolais/ | https://www.winefront.com.au/category/grapes/other-reds/","","https://www.winefront.com.au/camille-melinand-chiroubles-2023/","0 Comments","https://www.winefront.com.au/wp-content/uploads/2025/12/Screenshot-2025-12-17-at-4.24.11%E2%80%AFpm-86x300.png","Rated : 94 Points
Tasted : Dec25
Alcohol : 12.5%
Price : $66
Closure : Cork
Drink : 2025  - 2030","8","https://www.winefront.com.au/author/kasia/page/8/"
"149695","Kasia Sobiesiak","Sentio King Valley Gamay 2025","17 December 2025","A bunch of forest berries with full ripeness to match, freshness comes into play through acidity, with a crunch, but also cinnamon and white pepper spice and stony tannins. Amongst red cherries, there are flickers of blueberries here, maybe blue plum skin too. Cheerful wine with perky texture but it does have a slightly elevated alcohol, so this is definitely one to chill to take the edge off.","91 Points","Dec25","13.5%","$38","Diam","2025","2029","2025  - 2029","King Valley | other reds","https://www.winefront.com.au/category/regions/australia/victoria/king-valley/ | https://www.winefront.com.au/category/grapes/other-reds/","http://www.sentiowines.com.au/","https://www.winefront.com.au/sentio-king-valley-gamay-2025/","2 Comments","https://www.winefront.com.au/wp-content/uploads/2025/12/Screenshot-2025-12-17-at-4.21.30%E2%80%AFpm-111x300.png","Rated : 91 Points
Tasted : Dec25
Alcohol : 13.5%
Price : $38
Closure : Diam
Drink : 2025  - 2029","9","https://www.winefront.com.au/author/kasia/page/9/"
"149556","Kasia Sobiesiak","Quealy Feri Maris Riesling 2024","09 December 2025","New addition to the Feri Maris range, a Riesling from Quealy’s home vineyard (released in 2022 for the 40th anniversary under a different label), vines established in 1982, certified organic, dry grown, fermented and matured in a combination of demi-muid and barriques.

It’s a stimulating wine. Ripe and textural, lively and exciting. Golden Delicious skins, green mango, pink grapefruit pith, a hint of wild honey as a start, then lashings of spice, texture on texture, cinnamon and ginger pinching the tongue, maybe even white pepper and the numbing effect of aniseed in the aftertaste. Playing comfortably with ripeness and texture, this is a sensory delight. I warned your taste buds!","94 Points","Dec25","12.8%","$35","Screwcap","2026","2035","2026  - 2035","Mornington Peninsula | riesling","https://www.winefront.com.au/category/regions/australia/victoria/mornington-peninsula/ | https://www.winefront.com.au/category/grapes/riesling/","http://quealy.com.au/","https://www.winefront.com.au/quealy-feri-maris-riesling-2024/","4 Comments","https://www.winefront.com.au/wp-content/uploads/2025/12/Screenshot-2025-12-09-at-7.36.35%E2%80%AFpm-85x300.png","Rated : 94 Points
Tasted : Dec25
Alcohol : 12.8%
Price : $35
Closure : Screwcap
Drink : 2026  - 2035","9","https://www.winefront.com.au/author/kasia/page/9/"
"149554","Kasia Sobiesiak","Kerri Greens Ninch Riesling 2025","09 December 2025","There’s plenty of pretty detail in this wine; it’s full of blossoms, talcum powder aroma, pomelo, a hint of mint, some apple chips, lemongrass, jasmine, and a crunchy nectarine. Very fine texture, with underlying slate-like coolness and acidity that firms up in the finish, boosted by a smidge of fresh ginger pinch. It has freshness and a linear nature with just enough ripeness weight, but keeping the light frame. Lovely.","93 Points","Dec25","11.7%","$32","Screwcap","2026","2031+","2026  - 2031+","Mornington Peninsula | riesling","https://www.winefront.com.au/category/regions/australia/victoria/mornington-peninsula/ | https://www.winefront.com.au/category/grapes/riesling/","http://kerrigreens.com/","https://www.winefront.com.au/kerri-greens-ninch-riesling-2025/","0 Comments","https://www.winefront.com.au/wp-content/uploads/2025/12/Screenshot-2025-12-09-at-6.47.14%E2%80%AFpm-86x300.png","Rated : 93 Points
Tasted : Dec25
Alcohol : 11.7%
Price : $32
Closure : Screwcap
Drink : 2026  - 2031+","9","https://www.winefront.com.au/author/kasia/page/9/"
"149378","Kasia Sobiesiak","Coates Reserve Syrah 2021","03 December 2025","There’s no shortage of flavour in this wine. The perfume is full to the brim and dense. The wine is bloody, brooding, it has a blue and black fruit combo, with dark chocolate, cherry blossom, and a hint of violets. It’s all leaning more towards the dark side, luscious, with Ribena type of extract, fruit concentrate, but it has a salty and spicy exterior balancing out the perceived sweetness. Lots of intense and impressive stuff. For flavour hounds.","94+ Points","Oct25","14%","$90","Screwcap","2027","2031+","2027  - 2031+","McLaren Vale | shiraz et al","https://www.winefront.com.au/category/regions/australia/south-australia/mclaren-vale/ | https://www.winefront.com.au/category/grapes/shiraz-et-al/","http://www.coates-wines.com/","https://www.winefront.com.au/coates-reserve-syrah-2021/","2 Comments","https://www.winefront.com.au/wp-content/uploads/2025/12/Screenshot-2025-12-03-at-3.28.54%E2%80%AFpm-143x300.png","Rated : 94+ Points
Tasted : Oct25
Alcohol : 14%
Price : $90
Closure : Screwcap
Drink : 2027  - 2031+","9","https://www.winefront.com.au/author/kasia/page/9/"
"149451","Kasia Sobiesiak","Grandis Chenin Blanc 2025","02 December 2025","Grandis is Shannon Burgess-Moore. Chenin is barrel fermented.

Starting with honey, apple bake and spiced pear. Despite a little spicy sweetness on the nose, the wine is perky and crunchy, with a layer of savoury dough, textural, finishing on a great green apple acidity. Very tasty!","92 Points","Nov25","12%","$36","Screwcap","2025","2028","2025  - 2028","Hunter Valley | other whites","https://www.winefront.com.au/category/regions/australia/new-south-wales/hunter-valley/ | https://www.winefront.com.au/category/grapes/other-whites/","http://grandis.wine/","https://www.winefront.com.au/grandis-chenin-blanc-2025/","0 Comments","https://www.winefront.com.au/wp-content/uploads/2025/12/Screenshot-2025-12-02-at-10.43.10%E2%80%AFpm-88x300.png","Rated : 92 Points
Tasted : Nov25
Alcohol : 12%
Price : $36
Closure : Screwcap
Drink : 2025  - 2028","9","https://www.winefront.com.au/author/kasia/page/9/"
"149449","Kasia Sobiesiak","Orbis Grenache Blanc 2025","02 December 2025","Verity Cowley took over from Lauren Langfield as a managing director and head winemaker at Orbis in 2024. A third of the wine was fermented on skins. From Blewitt Springs.

White blossoms, peach and green pear and apple, very fine texture, light chalky grip on the palate, white pepper spice and ginger in the finish. Bitter herbs, green grapefruit and a hint of guava linger too. It’s a crunchy, fresh wine with great energy—a lovely summer white.","92 Points","Nov25","12%","$30","Diam","2025","2027","2025  - 2027","McLaren Vale | other whites","https://www.winefront.com.au/category/regions/australia/south-australia/mclaren-vale/ | https://www.winefront.com.au/category/grapes/other-whites/","http://www.orbiswines.com.au/","https://www.winefront.com.au/orbis-grenache-blanc-2025/","0 Comments","https://www.winefront.com.au/wp-content/uploads/2025/12/Screenshot-2025-12-02-at-10.29.31%E2%80%AFpm-131x300.png","Rated : 92 Points
Tasted : Nov25
Alcohol : 12%
Price : $30
Closure : Diam
Drink : 2025  - 2027","9","https://www.winefront.com.au/author/kasia/page/9/"
"149445","Kasia Sobiesiak","Solum Wines Pinot Noir 2024","02 December 2025","Made by Ryan Horaczko.

This wine has a beautiful perfume, with a pink peppercorn lift and ripe, bitter-sweet black cherry flavour. Herbaceous theme with a tone of red liquorice Campari, stuffing of cranberries, cinnamon and other woody spices as a topping. The palate is juicy with plenty of impact, wet clay tannins and a blood orange type of acidity. Cooked up well.","93 Points","Oct25","13.3%","$45","Screwcap","2025","2030","2025  - 2030","Mornington Peninsula | pinot noir","https://www.winefront.com.au/category/regions/australia/victoria/mornington-peninsula/ | https://www.winefront.com.au/category/grapes/pinot-noir/","http://www.solumwines.com.au/","https://www.winefront.com.au/solum-wines-pinot-noir-2024/","0 Comments","https://www.winefront.com.au/wp-content/uploads/2025/12/Screenshot-2025-12-02-at-8.53.55%E2%80%AFpm-113x300.png","Rated : 93 Points
Tasted : Oct25
Alcohol : 13.3%
Price : $45
Closure : Screwcap
Drink : 2025  - 2030","9","https://www.winefront.com.au/author/kasia/page/9/"
"149363","Kasia Sobiesiak","Domaine Naturaliste Discovery Cabernet Sauvignon 2022","01 December 2025","There’s a splash of Malbec and Merlot here.

Beautiful, pristine flavour, mulberry and boysenberry, a note of sweet tobacco, maybe a hint of fig, effortless drinking, pure, fruity with dark chocolate tannins, all very fine. Lovely wine, well-priced too.","93 Points","Oct25","14%","$28","Screwcap","2025","2030","2025  - 2030","cabernet et al | Margaret River | Top Value","https://www.winefront.com.au/category/grapes/cabernet-et-al/ | https://www.winefront.com.au/category/regions/australia/western-australia/margaret-river/ | https://www.winefront.com.au/category/top-wines/top-value/","http://www.domainenaturaliste.com.au/","https://www.winefront.com.au/domaine-naturaliste-discovery-cabernet-sauvignon-2022/","1 Comment","https://www.winefront.com.au/wp-content/uploads/2025/12/Screenshot-2025-12-01-at-7.08.45%E2%80%AFpm-116x300.png","Rated : 93 Points
Tasted : Oct25
Alcohol : 14%
Price : $28
Closure : Screwcap
Drink : 2025  - 2030","9","https://www.winefront.com.au/author/kasia/page/9/"
"149347","Kasia Sobiesiak","Fishbone Shiraz Cabernet 2023","01 December 2025","Pretty straightforward wine, with ripe blackberries, a note of boot paste, tobacco, purple flowers and mint. Delivers plenty of perky flavour at a medium weight. There’s spice here and a good amount of chewy dark chocolate tannins, choc-dipped black liquorice, finishing fruity with a juicy acidity.","90 Points","Oct25","14%","$40","Screwcap","2025","2028","2025  - 2028","cabernet et al | shiraz et al | Western Australia","https://www.winefront.com.au/category/grapes/cabernet-et-al/ | https://www.winefront.com.au/category/grapes/shiraz-et-al/ | https://www.winefront.com.au/category/regions/australia/western-australia/","http://www.fishbonewines.com.au/","https://www.winefront.com.au/fishbone-shiraz-cabernet-2023/","0 Comments","https://www.winefront.com.au/wp-content/uploads/2025/12/Screenshot-2025-12-01-at-5.30.10%E2%80%AFpm-115x300.png","Rated : 90 Points
Tasted : Oct25
Alcohol : 14%
Price : $40
Closure : Screwcap
Drink : 2025  - 2028","9","https://www.winefront.com.au/author/kasia/page/9/"
"148835","Kasia Sobiesiak","Yangarra High Sands Grenache: Celebrating 15 Vintages (2010-2024) [Nov25]","28 November 2025","I have no words except the ones I wrote a few days ago. Peter’s voice is still saved in my phone’s recordings file. I transcribed some of it. I wasn’t sure whether to post this or not, but perhaps my reflections from this very special tasting can serve as a tribute. It was a true privilege to taste with Peter this very last time. Here’s what I wrote and was about to post this morning.

My dad used to collect rocks and had (still has) a pretty amazing knowledge of minerals and precious stones. We often ventured to the Sudeten Mountains in the Lower Silesian district of Poland to dig in the white mud, the kaolin clay. Such fun! We’d find different types of quartz, agate, chrysoprase, tourmaline, pyrite… As a teenager, I remember browsing through the miniature rock collection at home and memorising the astral-sounding names. Little did I know that one day I’d be collecting rocks in a liquid form, or at least, what I’d like to think is a liquid interpretation of the terroir. Such fun!

What I tasted at the Celebration of 15 Vintages of Yangarra’s High Sands Grenache was a true collection of gems. Some shining bright, some a bit more rough and perhaps fading, but all equally precious. It was very interesting to see the vintage variation in the glass, but also clear to note that the soil sets the foundation, literally and metaphorically, for the high quality—seen across the board. It’s important to know that High Sands vineyard is not simply white sand dunes. As Peter Fraser explained, “The [High Sands] vineyard sits in the Maslin sands geology, which is not to be confused with sand [per se]. That references the red ironstone, which lies beneath those vineyards. You’re going to go on the hill and see that red ironstone, and you’ll see it in various pockets where it’s at the surface. Highly ferrous, got that real red colour, and often you’ll see those little sand grain kind of characters. Above that sits the clay layer, which is orangey red because of the ferrous nature of the bedrock that influences that clay. So the water passing across it basically releases all of that mineral. And then in these various pockets, there aren’t that many of the Grenache vineyards that are actually really white sands.”

Among the 15 vintages, Peter identified four distinct seasons and weather patterns, indicating a variety of corresponding styles. The vintage groupings were presented as follows.

Cold and wet vintages
2011 cold and wet
2017 just cold
2020 odd one because it was a lower crop from a hot spring but then it was cold
2022 another odd one, cold vintage with a heat spike (looks warm but has tightness, hence held back)
2023 was very cold, maybe the coldest ever, with a low crop

Mild, classical vintages
2010, 2012, 2013, 2016, 2021 was cooler of the mild ones

Warm with low crop vintages
2015, 2019, 2025 perhaps

Hot vintages with a generous crop
As Peter described, “[…] they tend to have that lush, much juicier kind of palate, but also can be still really fragrant and look a bit lighter because of that slightly elevated crop.”
2014, 2018, 2024

2010
The colour is intact, very vibrant, deep ruby with just a light brick hue at the very rim. Tertiary development in full force in the form of soft, aromatic leather, roasted coffee bean, rose potpourri, and roasted sage leaf. It shows concentration and density on the palate, remnants of cherry-scented oak. Tannins are rocky, dark, dusty, fine pumice stone, more of an iodine/sage extract in the finish and a ripe, mature pomegranate juice acidity line. This is to drink now, but in great shape. 95 points

2011
Feels a bit muted/subdued on the nose. This has a lighter, more ethereal and translucent profile than the 2010. The wine has a very clear acidic tension, which is the first thing that hits the palate. It’s tight and lean, skeletal a bit in a way, and hence, oddly, doesn’t really show its age. It does come across a bit anemic and fading. There’s a cherry menthol lolly here, some red fruit. Nothing wrong with it, good for a glass or a couple of sips. It crossed my mind that it may be a sleeper, but it didn’t show lots of energy per se. This is probably the weakest link in the whole lineup. 89 points

2012
Again, a darker appearance than the previous vintage, deep ruby core. And as expected, it smells of dark fruit, mulberry and black cherry, black raspberry, elegant oak, cedar and dark chocolate, with cherry smoke. Plenty of flavour, juicy, meaty, chewy tannins. This is a big boi. Smoked plum and plenty of spice in the finish, it’s all dark and fibrous, charry in a good way. Start drinking now. 95 points

2013
This also shows great concentration and density on the eye and the nose, roasted coffee bean, a hint of Bonox, very ripe, drying fruit, and cherry pip. Big flavour, juicy, sweet-sour, cherry cinnamon and cola root, black liquorice, it’s almost black current themed. With a heap of fine puckering tannins borrowed from the Nebbiolo department. It feels like this still has room to develop. 96 points

2014
Ripe perfume, but with lifted strawberry and red cherry. Very fine stony tannins, dark slate to feel, and a pomegranate finish. Juicy and translucent on the palate, seemingly light, but in fact, it has a great presence and packs a punch. Plenty of liquorice, red and black, with exotic spice, musk. Very admirable. And long. Solid. 96 points

2015
Aromatic summer berries, mulberry, and boysenberry. There’s ripeness here and great concentration, really running deep. The acid line is ripe but long and built around wet chalky, fine clay texture. Peppery spice builds up in the aftertaste. This impresses and satisfies. 95 points

2016
This has a blueish/bruised hue. And what comes on the nose is bloody, cool, fresh, meaty, with the perfume of violets and salty black liquorice. The palate is velvety too, with blue damson plum, mulberry, cool acidity, something like a tobacco leaf too and bitter cold brew in the finish, chewy alpine herbs. Delightful. 96 points

2017
A bit lighter in appearance than its predecessors. Very pretty, floral, with almond and orange blossom lift, tarragon and roses, very fine detail in the perfume, wild strawberry, blueberry. Fine, lacy web of tannins. Super lovely wine, but it seems a little less concentrated than 2016. It’s just a bit more fruity and easier on the palate with a leaner tannin muscle. Drinking very well now (for Pinot drinkers). 94 points

2018
Pure deep ruby colour, violet rim. Cool perfume, raspberry, mulberry, roses. Some exotic spice in the mix, too, cinnamon, star anise. The flavour is very energetic, great balance of acid and tannin. Drinking with ease, very approachable. It delivers the concentrations upfront, but then the flavour splashes out and disappears a bit early. Delivers a great first impression, even if slightly more watery in the back end. Juicy, fruity, chewy. Drink now. 94 points

2019
Very red fruited to start with. Juicy, well-balanced, not overly tense or tannic, a bit loose to the finish, but delivers a very pleasing combo of sweet fruit, spice, chewiness, red liquorice. Tannins linger, but the flavour dissipates a bit on the way. 93 points

2020
The perfume is serious; none of that tutti-frutti. It’s all savoury, potpourri, meat, dried blood, bitter herbs, spice. Very concentrated and long, spicy, dense, velvety texture, it has a ripe sweet-salty core, very much black liquorice, amaretti biscuits, glossy cherry, but it’s savoury-bitter on the outside with wet clay tannins, and chewy spice. Powerful, delicious. Great wine. 97 points

2021
Deep ruby, purple reflections. Tense, lifted, cool nose, full of blue fruit perfume and a ripe red fruit base, a note of alpine amaro, violet, orange peel, blood orange bitter-sweet acidity. This is a beautiful drink, all classy, fine, pretty, high tones, great acid, long finish. 97 points

2022
Wow, what a vibrant, ruby colour, with a purple hue and hot pink edge. Almost the same is the perfume, vibrant, electric. Acidity is through the roof, carrying fine, squeaky tannin; the palate is like chewing on the bitter-sweet-sour skins of red plums and blackberries. Powerful with acidity as a highlight for sure will allow it to live long. 96+ points

2023
Jasmine green tea perfume. Lovely. Roses and violets, red fruit, red apple skin. It feels more Pinot-esque in a way. Approachable tannin profile, juicy, fruity, very pretty. For Pinot drinkers. Acidity is very perky, frisky, white chalk-like, lots of finesse here, fine detail, prettiness. 95 points

I scored it 96-97 on previous (early) tastings; this time around landed on 95, but probably somewhere between that and 96.

2024
This wine has 10% whole bunch. Beautiful translucent violet colour. Freshly picked strawberries with the tops on. Perfumed, orange blossom, almond blossom, wet tobacco leaf, or wet green tea leaf, jasmine. A bit of bresaola, green peppercorn. The palate is like hibiscus tea, or stewed rhubarb, that light red fruit brew, peppery spice, crushed bitter herbs, chalky palate. This is a good wine with an aromatic green edge, so if you’re not fond of it in wine, you may not love it. It has fine detail but is a bit loose in the back end. Very Pinot-esque, super pretty. However, it’s still early days. Release in May 2026. 93+ points (for now)

 

Vale Peter","97 Points","Nov25","","$300","Screwcap","","","","Articles | grenache et al | McLaren Vale","https://www.winefront.com.au/category/articles/ | https://www.winefront.com.au/category/grapes/grenache-et-al/ | https://www.winefront.com.au/category/regions/australia/south-australia/mclaren-vale/","http://www.yangarra.com/","https://www.winefront.com.au/yangarra-high-sands-grenache-celebrating-15-vintages-2010-2024-nov25/","2 Comments","https://www.winefront.com.au/wp-content/uploads/2025/11/Peter-Fraser-300x225.jpg","Rated : 97 Points
Tasted : Nov25
Price : $300
Closure : Screwcap","9","https://www.winefront.com.au/author/kasia/page/9/"
"149193","Kasia Sobiesiak","Schwarz Wine Co. The Grower GSM 2023","24 November 2025","Cola/sarsaparilla top note, orange blossom, cherries. Medium in weight, easy-going, fruity, balanced. Enough said. Good wine.","90 Points","Sep25","14%","$35","Screwcap","2025","2027","2025  - 2027","Barossa Valley | grenache et al | mourvedre et al | shiraz et al","https://www.winefront.com.au/category/regions/australia/south-australia/barossa-valley/ | https://www.winefront.com.au/category/grapes/grenache-et-al/ | https://www.winefront.com.au/category/grapes/mourvedre-et-al/ | https://www.winefront.com.au/category/grapes/shiraz-et-al/","http://www.schwarzwineco.com.au/","https://www.winefront.com.au/schwarz-wine-co-the-grower-gsm-2023/","0 Comments","https://www.winefront.com.au/wp-content/uploads/2025/11/Screenshot-2025-11-24-at-11.55.07%E2%80%AFpm-121x300.png","Rated : 90 Points
Tasted : Sep25
Alcohol : 14%
Price : $35
Closure : Screwcap
Drink : 2025  - 2027","9","https://www.winefront.com.au/author/kasia/page/9/"
